Local Context,Question,Answer,Perturbation?,Perturbation Target,Perturbation Category,Perturbation Effect
"Person 1: where did Emma go
Person 2: she said she was in the cellar
Person 1: did you leave the oranges in the garage
Person 2: I left the watermelons there
Person 1: did Noah leave them there
Person 2: he didn't
Person 1: are some of the strawberries in the backyard
Person 2: two are there",are the oranges in the garage?,No,FALSE,None,-,-
"Person 1: where did Emma go
Person 2: she said she was in the cellar
Person 1: did you leave the oranges in the garage
Person 2: I left the watermelons there
Person 1: did Noah leave them there
Person 2: he did
Person 1: are some of the strawberries in the backyard
Person 2: two are there",are the oranges in the garage?,Yes,TRUE,Context,Negation,Flip
"Person 1: where did Emma go
Person 2: she said she was in the cellar
Person 1: did you leave the oranges in the garage
Person 2: I left the watermelons there
Person 1: did Noah leave them there
Person 2: he didn't
Person 1: are some of the strawberries in the backyard
Person 2: two are there",are the watermelons in the garage?,Yes,TRUE,Question,Variable Substitution,Flip
"Person 1: where did Emma go
Person 2: she said she was in the cellar
Person 1: did you leave the oranges in the garage
Person 2: I left the watermelons there
Person 1: did Noah leave them there
Person 2: he didn't
Person 1: are some of the strawberries in the backyard
Person 2: three are there",are the oranges in the garage?,No,TRUE,Context,Quantity Change,Invarianat
"Person 1: where did Emma go
Person 2: she said she was in the cellar
Person 1: did you leave the watermelons in the garage
Person 2: I left the oranges there
Person 1: did Noah leave them there
Person 2: he didn't
Person 1: are some of the strawberries in the backyard
Person 2: two are there",are the oranges in the garage?,Yes,TRUE,Context,Variable Swap,Flip
"Alice: where can I get the oranges
Bob: Elizabeth and I put the oranges in the pantry
Alice: what about the asparagus
Bob: the asparagus are in the porch
Alice: how about the turnips
Bob: Owen left them in the pantry and walked to the playroom
Alice: how many are in the pantry
Bob: one or two
Alice: where can I get the grapes
Bob: the grapes are in the pantry or the hall
Alice: are all the grapefruits in the playroom
Bob: some of the grapefruits are in the playroom
Alice: are some of the pumpkins in the porch
Bob: five are in the porch
Alice: are some of the peaches in the hall
Bob: five are there
Alice: are some of the asparagus in the porch
Bob: five are in the porch
Alice: are some of the cabbages in the playroom
Bob: four are in the playroom",are all the grapefruits in the playroom ?,No,FALSE,None,-,-
"Alice: where can I get the oranges
Bob: Elizabeth and I put the oranges in the pantry
Alice: what about the asparagus
Bob: the asparagus are in the porch
Alice: how about the turnips
Bob: Owen left them in the pantry and walked to the playroom
Alice: how many are in the pantry
Bob: one or two
Alice: where can I get the grapes
Bob: the grapes are in the pantry or the hall
Alice: are all the grapefruits in the playroom
Bob: All of the grapefruits are in the playroom
Alice: are some of the pumpkins in the porch
Bob: five are in the porch
Alice: are some of the peaches in the hall
Bob: five are there
Alice: are some of the asparagus in the porch
Bob: five are in the porch
Alice: are some of the cabbages in the playroom
Bob: four are in the playroom",are all the grapefruits in the playroom ?,Yes,TRUE,Context,Quantifier change,Flip
"Alice: where can I get the oranges
Bob: Elizabeth and I put the oranges in the pantry
Alice: what about the asparagus
Bob: the asparagus are in the porch
Alice: how about the turnips
Bob: Owen left them in the pantry and walked to the playroom
Alice: how many are in the pantry
Bob: one or two
Alice: where can I get the grapes
Bob: the grapes are in the pantry or the hall
Alice: are all the grapefruits in the playroom
Bob: some of the grapefruits are in the playroom
Alice: are some of the pumpkins in the porch
Bob: five are in the porch
Alice: are some of the peaches in the hall
Bob: five are there
Alice: are some of the asparagus in the porch
Bob: five are in the porch
Alice: are some of the cabbages in the playroom
Bob: four are in the playroom",are all the turnips in the playroom ?,No,TRUE,Question,Variable Substitution,Invarianat
"Alice: where can I get the oranges
Bob: Elizabeth and I put the oranges in the pantry
Alice: what about the asparagus
Bob: the asparagus are in the porch
Alice: how about the turnips
Bob: Owen left them in the pantry and walked to the playroom
Alice: how many are in the pantry
Bob: one or two
Alice: where can I get the grapes
Bob: the grapes are in the pantry or the hall
Alice: are all the grapefruits in the playroom
Bob: some grapefruits aren't in the playroom
Alice: are some of the pumpkins in the porch
Bob: five are in the porch
Alice: are some of the peaches in the hall
Bob: five are there
Alice: are some of the asparagus in the porch
Bob: five are in the porch
Alice: are some of the cabbages in the playroom
Bob: four are in the playroom",are all the grapefruits in the playroom ?,No,TRUE,Context,Negation,Invarianat
"Alice: where can I get the oranges
Bob: Elizabeth and I put the oranges in the pantry
Alice: what about the asparagus
Bob: the asparagus are in the porch
Alice: how about the turnips
Bob: Owen left them in the pantry and walked to the playroom
Alice: how many are in the pantry
Bob: one or two
Alice: where can I get the grapes
Bob: the grapes are in the pantry or the hall
Alice: are all the grapefruits in the playroom
Bob: some of the grapefruits are in the playroom
Alice: are some of the pumpkins in the porch
Bob: four are in the porch
Alice: are some of the peaches in the hall
Bob: five are there
Alice: are some of the asparagus in the porch
Bob: five are in the porch
Alice: are some of the cabbages in the playroom
Bob: four are in the playroom",are all the grapefruits in the playroom ?,No,TRUE,Context,Quantity Change,Invarianat
"Alice: where can I get the oranges
Bob: Owen and I put the oranges in the pantry
Alice: what about the asparagus
Bob: the asparagus are in the porch
Alice: how about the turnips
Bob: Elizabeth left them in the pantry and walked to the playroom
Alice: how many are in the pantry
Bob: one or two
Alice: where can I get the grapes
Bob: the grapes are in the pantry or the hall
Alice: are all the grapefruits in the playroom
Bob: some of the grapefruits are in the playroom
Alice: are some of the pumpkins in the porch
Bob: five are in the porch
Alice: are some of the peaches in the hall
Bob: five are there
Alice: are some of the asparagus in the porch
Bob: five are in the porch
Alice: are some of the cabbages in the playroom
Bob: four are in the playroom",are all the grapefruits in the playroom ?,No,TRUE,Context,Variable Swap,Invarianat
"Alice: where was Hunter
Bob: he said he was in the attic
Alice: where can I find the celeries
Bob: Hunter and I put them in the attic
Alice: are some of them in the attic
Bob: I don't know
Alice: where can I find the plum
Bob: Oliver said there is a green box in the dining_room
Alice: are all the grapes in the bedroom
Bob: yes, they are all there
Alice: are some of the asparagus there
Bob: Jayden said he put five of the asparagus there
Alice: how many apples are in the living_room
Bob: four are there
Alice: did Jayden place the beans there
Bob: he said he didn't go back there
Alice: did you leave them in the living_room
Bob: no
Alice: how many are in the dining_room
Bob: there are four or five","is the woman sure about how many are the 
beans?",No,FALSE,None,-,-
"Alice: where was Hunter
Bob: he said he was in the attic
Alice: where can I find the celeries
Bob: Hunter and I put them in the attic
Alice: are some of them in the attic
Bob: I don't know
Alice: where can I find the plum
Bob: Oliver said there is a green box in the dining_room
Alice: are all the grapes in the bedroom
Bob: yes, they are all there
Alice: are all of the asparagus there
Bob: Jayden said he put five of the asparagus there
Alice: how many apples are in the living_room
Bob: four are there
Alice: did Jayden place the beans there
Bob: he said he didn't go back there
Alice: did you leave them in the living_room
Bob: no
Alice: how many are in the dining_room
Bob: there are four or five","is the woman sure about how many are the 
beans?",No,TRUE,Context,Quantifier change,Invarianat
"Alice: where was Hunter
Bob: he said he was in the attic
Alice: where can I find the celeries
Bob: Hunter and I put them in the attic
Alice: are some of them in the attic
Bob: I don't know
Alice: where can I find the plum
Bob: Oliver said there is a green box in the dining_room
Alice: are all the grapes in the bedroom
Bob: yes, they are all there
Alice: are some of the asparagus there
Bob: Jayden said he put five of the asparagus there
Alice: how many apples are in the living_room
Bob: there are at least four there
Alice: did Jayden place the beans there
Bob: he said he didn't go back there
Alice: did you leave them in the living_room
Bob: Yes
Alice: how many are in the dining_room
Bob: there are four or five","is the woman sure about how many are the 
beans?",No,TRUE,Context,Negation,Invarianat
"Alice: where was Hunter
Bob: he said he was in the attic
Alice: where can I find the celeries
Bob: Hunter and I put them in the attic
Alice: are some of them in the attic
Bob: I don't know
Alice: where can I find the plum
Bob: Oliver said there is a green box in the dining_room
Alice: are all the grapes in the bedroom
Bob: yes, they are all there
Alice: are some of the asparagus there
Bob: Jayden said he put five of the asparagus there
Alice: how many beans are in the living_room
Bob: four are there
Alice: did Jayden place the apples there
Bob: he said he didn't go back there
Alice: did you leave them in the living_room
Bob: no
Alice: how many are in the dining_room
Bob: there are four or five","is the woman sure about how many are the 
beans?",Yes,TRUE,Context,Variable Swap,Flip
"Alice: where was Hunter
Bob: he said he was in the attic
Alice: where can I find the celeries
Bob: Hunter and I put them in the attic
Alice: are some of them in the attic
Bob: I don't know
Alice: where can I find the plum
Bob: Oliver said there is a green box in the dining_room
Alice: are all the grapes in the bedroom
Bob: yes, they are all there
Alice: are some of the asparagus there
Bob: Jayden said he put five of the asparagus there
Alice: how many apples are in the living_room
Bob: four are there
Alice: did Jayden place the beans there
Bob: he said he didn't go back there
Alice: did you leave them in the living_room
Bob: no
Alice: how many are in the dining_room
Bob: there are four or five","is the woman sure about how many are the 
asparagus?",Yes,TRUE,Question,Variable Substitution,Flip
"Alice: where was Hunter
Bob: he said he was in the attic
Alice: where can I find the celeries
Bob: Hunter and I put them in the attic
Alice: are some of them in the attic
Bob: I don't know
Alice: where can I find the plum
Bob: Oliver said there is a green box in the dining_room
Alice: are all the grapes in the bedroom
Bob: yes, they are all there
Alice: are some of the asparagus there
Bob: Jayden said he put five of the asparagus there
Alice: how many apples are in the living_room
Bob: four are there
Alice: did Jayden place the beans there
Bob: he said he didn't go back there
Alice: did you leave them in the living_room
Bob: no
Alice: how many are in the dining_room
Bob: there are four or three","is the woman sure about how many are the 
beans?",No,TRUE,Context,Quantity Change,Invarianat
"Alice: where were you
Bob: I went to the closet and the attic
Alice: did Lily put the cabbage there
Bob: she put it in the closet if not the attic
Alice: are some of the limes there
Bob: yes, there are some in the attic
Alice: are some of the peas in the den
Bob: yes, there are some in the den
Alice: where can I find the grapes
Bob: Lily and I put the grapes in the TV_room
Alice: how many are in the TV_room
Bob: there are three or four
Alice: how can I find Logan
Bob: he travelled to the den
Alice: where are the eggplants
Bob: I'm not sure
Alice: where can I get the beans
Bob: they are in the den or the TV_room
Alice: are some of the lettuces in the TV_room
Bob: Lily said she left four of them there","is the woman sure about how many are the 
lettuces?",Yes,FALSE,None,-,-
"Alice: where were you
Bob: I went to the closet and the attic
Alice: did Lily put the cabbage there
Bob: she put it in the closet if not the attic
Alice: are some of the limes there
Bob: yes, there are some in the attic
Alice: are some of the peas in the den
Bob: yes, there are some in the den
Alice: where can I find the grapes
Bob: Lily and I put the grapes in the TV_room
Alice: how many are in the TV_room
Bob: there are three or four
Alice: how can I find Logan
Bob: he travelled to the den
Alice: where are the eggplants
Bob: I'm not sure
Alice: where can I get the beans
Bob: they are in the den or the TV_room
Alice: are some of the lettuces in the TV_room
Bob: Lily said she left four of them there","is the woman sure about how many are the 
grapes?",No,TRUE,Question,Variable Substitution,Flip
"Alice: where were you
Bob: I went to the closet and the attic
Alice: did Lily put the cabbage there
Bob: she put it in the closet if not the attic
Alice: are some of the limes there
Bob: yes, there are some in the attic
Alice: are some of the peas in the den
Bob: yes, there are some in the den
Alice: where can I find the grapes
Bob: Lily and I put the grapes in the TV_room
Alice: how many are in the TV_room
Bob: there are three or five
Alice: how can I find Logan
Bob: he travelled to the den
Alice: where are the eggplants
Bob: I'm not sure
Alice: where can I get the beans
Bob: they are in the den or the TV_room
Alice: are some of the lettuces in the TV_room
Bob: Lily said she left four of them there","is the woman sure about how many are the 
lettuces?",Yes,TRUE,Context,Quantity Change,Invarianat
"Alice: where were you
Bob: I went to the closet and the attic
Alice: did Lily put the cabbage there
Bob: she put it in the closet if not the attic
Alice: are some of the limes there
Bob: yes, there are some in the attic
Alice: are some of the peas in the den
Bob: yes, there are some in the den
Alice: where can I find the grapes
Bob: Lily and I put the grapes in the TV_room
Alice: how many are in the TV_room
Bob: there are three or four
Alice: how can I find Logan
Bob: he travelled to the den
Alice: where are the eggplants
Bob: I'm not sure
Alice: where can I get the beans
Bob: they are in the den or the TV_room
Alice: are some of the lettuces in the TV_room
Bob: Lily said she left five of them there","is the woman sure about how many are the 
lettuces?",Yes,TRUE,Context,Quantity Change,Invarianat
"Alice: where were you
Bob: I went to the closet and the attic
Alice: did Lily put the cabbage there
Bob: she put it in the closet if not the attic
Alice: are some of the limes there
Bob: yes, there are some in the attic
Alice: are some of the peas in the den
Bob: yes, there are some in the den
Alice: where can I find the grapes
Bob: Lily and I put the grapes in the TV_room
Alice: how many are in the TV_room
Bob: there are three or four
Alice: how can I find Logan
Bob: he travelled to the den
Alice: where are the eggplants
Bob: I'm not sure
Alice: where can I get the beans
Bob: they are in the den or the TV_room
Alice: are all of the lettuces in the TV_room
Bob: Lily said she left four of them there","is the woman sure about how many are the 
lettuces?",Yes,TRUE,Context,Quantifier change,Invarianat
"Alice: where were you
Bob: I went to the closet and the attic
Alice: did Lily put the cabbage there
Bob: she put it in the closet if not the attic
Alice: are some of the limes there
Bob: yes, there are some in the attic
Alice: are some of the peas in the den
Bob: yes, there are some in the den
Alice: where can I find the grapes
Bob: Lily and I put the grapes in the TV_room
Alice: how many are in the TV_room
Bob: there are three or four
Alice: how can I find Logan
Bob: he travelled to the den
Alice: where are the eggplants
Bob: I'm not sure
Alice: where can I get the beans
Bob: they aren't in the den or the TV_room
Alice: are some of the lettuces in the TV_room
Bob: Lily said she left four of them there","is the woman sure about how many are the 
lettuces?",Yes,TRUE,Context,Negation,Invarianat
"Alice: did you see the peaches
Bob: Chloe left the peaches in the office and went to the patio
Alice: are some of them in the office
Bob: three peaches are in the office
Alice: are some of the lettuces in the sunroom
Bob: yes
Alice: did you leave the lettuces there
Bob: I left them there and walked to the patio
Alice: how can I find Aria
Bob: she said she journeyed to the workshop and the office
Alice: did Chloe leave the limes in the office
Bob: she said she didn't journey to the office
Alice: where are they
Bob: Mia said there is a green box in the patio
Alice: how many
Bob: there are at least four there
Alice: where can I find the cabbages
Bob: I left them in the workshop and walked to the patio
Alice: how many are in the workshop
Bob: three or four",does the woman know who put the peaches in the office?,Yes,FALSE,None,-,-
"Alice: did you see the peaches
Bob: Aria left the peaches in the office and went to the patio
Alice: are some of them in the office
Bob: three peaches are in the office
Alice: are some of the lettuces in the sunroom
Bob: yes
Alice: did you leave the lettuces there
Bob: I left them there and walked to the patio
Alice: how can I find Chloe
Bob: she said she journeyed to the workshop and the office
Alice: did Chloe leave the limes in the office
Bob: she said she didn't journey to the office
Alice: where are they
Bob: Mia said there is a green box in the patio
Alice: how many
Bob: there are at least four there
Alice: where can I find the cabbages
Bob: I left them in the workshop and walked to the patio
Alice: how many are in the workshop
Bob: three or four",does the woman know who put the peaches in the office?,Yes,TRUE,Context,Variable Swap,Invarianat
"Alice: did you see the peaches
Bob: Chloe left the peaches in the office and went to the patio
Alice: are all of them in the office
Bob: three peaches are in the office
Alice: are some of the lettuces in the sunroom
Bob: yes
Alice: did you leave the lettuces there
Bob: I left them there and walked to the patio
Alice: how can I find Aria
Bob: she said she journeyed to the workshop and the office
Alice: did Chloe leave the limes in the office
Bob: she said she didn't journey to the office
Alice: where are they
Bob: Mia said there is a green box in the patio
Alice: how many
Bob: there are at least four there
Alice: where can I find the cabbages
Bob: I left them in the workshop and walked to the patio
Alice: how many are in the workshop
Bob: three or four",does the woman know who put the peaches in the office?,Yes,TRUE,Context,Quantifier change,Invarianat
"Alice: did you see the peaches
Bob: Chloe left the peaches in the office and went to the patio
Alice: are some of them in the office
Bob: four peaches are in the office
Alice: are some of the lettuces in the sunroom
Bob: yes
Alice: did you leave the lettuces there
Bob: I left them there and walked to the patio
Alice: how can I find Aria
Bob: she said she journeyed to the workshop and the office
Alice: did Chloe leave the limes in the office
Bob: she said she didn't journey to the office
Alice: where are they
Bob: Mia said there is a green box in the patio
Alice: how many
Bob: there are at least four there
Alice: where can I find the cabbages
Bob: I left them in the workshop and walked to the patio
Alice: how many are in the workshop
Bob: three or four",does the woman know who put the peaches in the office?,Yes,TRUE,Context,Quantity Change,Invarianat
"Alice: did you see the peaches
Bob: Chloe left the peaches in the patio and went to the office
Alice: are some of them in the office
Bob: three peaches are in the office
Alice: are some of the lettuces in the sunroom
Bob: yes
Alice: did you leave the lettuces there
Bob: I left them there and walked to the patio
Alice: how can I find Aria
Bob: she said she journeyed to the workshop and the office
Alice: did Chloe leave the limes in the office
Bob: she said she didn't journey to the office
Alice: where are they
Bob: Mia said there is a green box in the patio
Alice: how many
Bob: there are at least four there
Alice: where can I find the cabbages
Bob: I left them in the workshop and walked to the patio
Alice: how many are in the workshop
Bob: three or four",does the woman know who put the peaches in the office?,No,TRUE,Context,Variable Swap,Flip
"Alice: did Mia place the bananas in the staircase
Bob: no, she didn't
Alice: were you in the porch
Bob: I was not there
Alice: what about the garage
Bob: yes, I was there
Alice: where can I get the peach
Bob: there is a green drawer in the porch
Alice: where can I get the strawberries
Bob: they are in the porch
Alice: are all of them in the porch
Bob: some strawberries are in the porch
Alice: did you put the strawberries there
Bob: no, I didn't
Alice: did Isabella leave them there
Bob: she left them there and went to the staircase
Alice: did she place the peas in the porch
Bob: she placed them in the garage if not the porch
Alice: are some of the bananas in the staircase
Bob: three bananas are in the staircase",is the woman sure about where the peas are?,No,FALSE,None,-,-
"Alice: did Mia place the bananas in the staircase
Bob: no, she didn't
Alice: were you in the porch
Bob: I was not there
Alice: what about the garage
Bob: yes, I was there
Alice: where can I get the peas
Bob: there is a green drawer in the porch
Alice: where can I get the strawberries
Bob: they are in the porch
Alice: are all of them in the porch
Bob: some strawberries are in the porch
Alice: did you put the strawberries there
Bob: no, I didn't
Alice: did Isabella leave them there
Bob: she left them there and went to the staircase
Alice: did she place the peach in the porch
Bob: she placed them in the garage if not the porch
Alice: are some of the bananas in the staircase
Bob: three bananas are in the staircase",is the woman sure about where the peas are?,Yes,TRUE,Context,Variable Swap,Flip
"Alice: did Mia place the bananas in the staircase
Bob: no, she didn't
Alice: were you in the porch
Bob: I was not there
Alice: what about the garage
Bob: yes, I was there
Alice: where can I get the peach
Bob: there is a green drawer in the porch
Alice: where can I get the strawberries
Bob: they are in the porch
Alice: are all of them in the porch
Bob: some strawberries are in the porch
Alice: did you put the strawberries there
Bob: no, I didn't
Alice: did Isabella leave them there
Bob: she left them there and went to the staircase
Alice: did she place the peas in the porch
Bob: she placed them in the garage if not the porch
Alice: are some of the bananas in the staircase
Bob: three bananas are in the staircase","is the woman sure about where the strawberries 
are?",Yes,TRUE,Question,Variable Substitution,Flip
"Alice: did Mia place the bananas in the garage
Bob: no, she didn't
Alice: were you in the porch
Bob: I was not there
Alice: what about the garage
Bob: yes, I was there
Alice: where can I get the peach
Bob: there is a green drawer in the porch
Alice: where can I get the strawberries
Bob: they are in the porch
Alice: are all of them in the porch
Bob: some strawberries are in the porch
Alice: did you put the strawberries there
Bob: no, I didn't
Alice: did Isabella leave them there
Bob: she left them there and went to the staircase
Alice: did she place the peas in the porch
Bob: she placed them in the staircase if not the porch
Alice: are some of the bananas in the staircase
Bob: three bananas are in the staircase",is the woman sure about where the peas are?,No,TRUE,Context,Variable Swap,Invarianat
"Alice: did Mia place the bananas in the staircase
Bob: no, she didn't
Alice: were you in the porch
Bob: I was not there
Alice: what about the garage
Bob: yes, I was there
Alice: where can I get the peach
Bob: there is a green drawer in the porch
Alice: where can I get the strawberries
Bob: they are in the porch
Alice: are all of them in the porch
Bob: some strawberries aren't in the porch
Alice: did you put the strawberries there
Bob: no, I didn't
Alice: did Isabella leave them there
Bob: she left them there and went to the staircase
Alice: did she place the peas in the porch
Bob: she placed them in the garage if not the porch
Alice: are some of the bananas in the staircase
Bob: three bananas are in the staircase",is the woman sure about where the peas are?,No,TRUE,Context,Negation,Invarianat
"Alice: did Mia place the bananas in the staircase
Bob: no, she didn't
Alice: were you in the porch
Bob: I was not there
Alice: what about the garage
Bob: yes, I was there
Alice: where can I get the peach
Bob: there is a green drawer in the porch
Alice: where can I get the strawberries
Bob: they are in the porch
Alice: are all of them in the porch
Bob: some strawberries are in the porch
Alice: did you put the strawberries there
Bob: no, I didn't
Alice: did Isabella leave them there
Bob: she left them there and went to the staircase
Alice: did she place the peas in the porch
Bob: she placed them in the garage if not the porch
Alice: are some of the bananas in the staircase
Bob: four bananas are in the staircase",is the woman sure about where the peas are?,No,TRUE,Context,Quantity Change,Invarianat
"Alice: did you place the peas in the hall
Bob: I placed them in the basement
Alice: where did you see Ava
Bob: she said she went to the bathroom
Alice: where are the pumpkins
Bob: the pumpkins are in the dining_room
Alice: are some of them in the dining_room
Bob: all of them are in the dining_room
Alice: did you put them there
Bob: I put them there and walked to the hall
Alice: did Mia leave the broccoli there
Bob: I didn't see her
Alice: where can I get it
Bob: Ava said there is a blue envelope in the bathroom
Alice: where can I get the beans
Bob: Avery said there is a red container in the basement
Alice: did Ava place them in the basement
Bob: no, she didn't
Alice: where can I get the apples
Bob: the apples are in the hall",is the broccoli in the dining_room?,No,FALSE,None,-,-
"Alice: did you place the peas in the hall
Bob: I placed them in the basement
Alice: where did you see Ava
Bob: she said she went to the bathroom
Alice: where are the pumpkins
Bob: the pumpkins are in the dining_room
Alice: are all of them in the dining_room
Bob: all of them are in the dining_room
Alice: did you put them there
Bob: I put them there and walked to the hall
Alice: did Mia leave the broccoli there
Bob: I didn't see her
Alice: where can I get it
Bob: Ava said there is a blue envelope in the bathroom
Alice: where can I get the beans
Bob: Avery said there is a red container in the basement
Alice: did Ava place them in the basement
Bob: no, she didn't
Alice: where can I get the apples
Bob: the apples are in the hall",is the broccoli in the dining_room?,No,TRUE,Context,Quantifier change,Invarianat
"Alice: did you place the peas in the hall
Bob: I placed them in the basement
Alice: where did you see Ava
Bob: she said she went to the bathroom
Alice: where are the pumpkins
Bob: the pumpkins are in the dining_room
Alice: are some of them in the dining_room
Bob: all of them are in the dining_room
Alice: did you put them there
Bob: I put them there and walked to the hall
Alice: did Mia leave the broccoli there
Bob: I didn't see her
Alice: where can I get it
Bob: Ava said there is a blue envelope in the bathroom
Alice: where can I get the beans
Bob: Avery said there is a red container in the basement
Alice: did Ava place them in the basement
Bob: no, she didn't
Alice: where can I get the apples
Bob: the apples are in the hall",is the pumpkin in the dining_room?,Yes,TRUE,Question,Variable Substitution,Flip
"Alice: did you place the peas in the hall
Bob: I placed them in the basement
Alice: where did you see Ava
Bob: she said she went to the bathroom
Alice: where are the pumpkins
Bob: the pumpkins are in the dining_room
Alice: are some of them in the dining_room
Bob: all of them are in the dining_room
Alice: did you put them there
Bob: I put them there and walked to the hall
Alice: did Avery leave the broccoli there
Bob: I didn't see her
Alice: where can I get it
Bob: Ava said there is a blue envelope in the bathroom
Alice: where can I get the beans
Bob: Mia said there is a red container in the basement
Alice: did Ava place them in the basement
Bob: no, she didn't
Alice: where can I get the apples
Bob: the apples are in the hall",is the broccoli in the dining_room?,No,TRUE,Context,Variable Swap ,Invarianat
"Alice: did you place the peas in the hall
Bob: I placed them in the dining_room
Alice: where did you see Ava
Bob: she said she went to the bathroom
Alice: where are the pumpkins
Bob: the pumpkins are in the dining_room
Alice: are some of them in the dining_room
Bob: all of them are in the dining_room
Alice: did you put them there
Bob: I put them there and walked to the hall
Alice: did Mia leave the broccoli there
Bob: I didn't see her
Alice: where can I get it
Bob: Ava said there is a blue envelope in the bathroom
Alice: where can I get the beans
Bob: Avery said there is a red container in the basement
Alice: did Ava place them in the basement
Bob: no, she didn't
Alice: where can I get the apples
Bob: the apples are in the hall",is the broccoli in the dining_room?,No,TRUE,Context,Variable Substitution,Invarianat
"Alice: did you see the pineapples
Bob: the pineapples are in the crawlspace
Alice: how about the corn
Bob: the corn is in the sunroom or the front_yard
Alice: what about the pumpkins
Bob: I put the pumpkins in the bathroom and travelled to the front_yard
Alice: are some of them in the bathroom
Bob: yes, some of them are there
Alice: did Alexander leave the pineapples there
Bob: he left the pumpkins there
Alice: where was he
Bob: he said he travelled to the bathroom
Alice: where are the eggplants
Bob: Alexander and I put them in the bathroom
Alice: where did Lucas go
Bob: he travelled to the bathroom and the sunroom
Alice: did you leave the pineapples in the sunroom
Bob: I left the asparagus there
Alice: did you see the grapefruits
Bob: they are in the front_yard or the sunroom",did Lucas put the asparagus in the sunroom,No,FALSE,None,-,-
"Alice: did you see the pineapples
Bob: the pineapples are in the crawlspace
Alice: how about the corn
Bob: the corn is in the sunroom or the front_yard
Alice: what about the pumpkins
Bob: I put the pumpkins in the bathroom and travelled to the front_yard
Alice: are some of them in the bathroom
Bob: yes, some of them are there
Alice: did Alexander leave the asparagus there
Bob: he left the pumpkins there
Alice: where was he
Bob: he said he travelled to the bathroom
Alice: where are the eggplants
Bob: Alexander and I put them in the bathroom
Alice: where did Lucas go
Bob: he travelled to the bathroom and the sunroom
Alice: did you leave the pineapples in the sunroom
Bob: I left the asparagus there
Alice: did you see the grapefruits
Bob: they are in the front_yard or the sunroom",did Lucas put the asparagus in the sunroom,No,TRUE,Context,Variable Substitution,Flip
"Alice: did you see the pineapples
Bob: the pineapples are in the crawlspace
Alice: how about the corn
Bob: the corn is in the sunroom or the front_yard
Alice: what about the pumpkins
Bob: I put the pumpkins in the bathroom and travelled to the front_yard
Alice: are some of them in the bathroom
Bob: yes, some of them are there
Alice: did Alexander leave the pineapples there
Bob: he left the pumpkins there
Alice: where was he
Bob: he said he travelled to the bathroom
Alice: where are the asparagus
Bob: Alexander and I put them in the bathroom
Alice: where did Lucas go
Bob: he travelled to the bathroom and the sunroom
Alice: did you leave the pineapples in the sunroom
Bob: I left the eggplants there
Alice: did you see the grapefruits
Bob: they are in the front_yard or the sunroom",did Lucas put the asparagus in the sunroom,No,TRUE,Context,Variable Swap,Invarianat
"Alice: did you see the pineapples
Bob: the pineapples are in the crawlspace
Alice: how about the corn
Bob: the corn is in the sunroom or the front_yard
Alice: what about the pumpkins
Bob: I put the pumpkins in the bathroom and travelled to the front_yard
Alice: are some of them in the bathroom
Bob: yes, some of them are there
Alice: did Alexander leave the pineapples there
Bob: he left the pumpkins there
Alice: where was he
Bob: he said he travelled to the bathroom
Alice: where are the eggplants
Bob: Alexander and I put them in the bathroom
Alice: where did Lucas go
Bob: he travelled to the bathroom and the sunroom
Alice: did you leave the pineapples in the sunroom
Bob: I haven't left the asparagus there
Alice: did you see the grapefruits
Bob: they are in the front_yard or the sunroom",did Lucas put the asparagus in the sunroom,No,TRUE,Context,Negation,Invarianat
"Alice: did you see the pineapples
Bob: the pineapples are in the crawlspace
Alice: how about the corn
Bob: the corn is in the sunroom or the front_yard
Alice: what about the pumpkins
Bob: I put the pumpkins in the bathroom and travelled to the front_yard
Alice: are some of them in the bathroom
Bob: yes, some of them are there
Alice: did Alexander leave the pineapples there
Bob: he left the pumpkins there
Alice: where was he
Bob: he said he travelled to the bathroom
Alice: where are the eggplants
Bob: Alexander and Jack put them in the bathroom
Alice: where did Lucas go
Bob: he travelled to the bathroom and the sunroom
Alice: did you leave the pineapples in the sunroom
Bob: I left the asparagus there
Alice: did you see the grapefruits
Bob: they are in the front_yard or the sunroom","does the woman know who put the eggplants 
in the bathroom?",Yes,FALSE,None,-,-
"Alice: did you see the pineapples
Bob: the pineapples are in the crawlspace
Alice: how about the corn
Bob: the corn is in the sunroom or the front_yard
Alice: what about the pumpkins
Bob: I put the pumpkins in the bathroom and travelled to the front_yard
Alice: are some of them in the bathroom
Bob: yes, some of them are there
Alice: did Alexander leave the pineapples there
Bob: he left the pumpkins there
Alice: where was he
Bob: he said he travelled to the bathroom
Alice: where are the eggplants
Bob: Lucas and Jack put them in the bathroom
Alice: where did Alexander go
Bob: he travelled to the bathroom and the sunroom
Alice: did you leave the pineapples in the sunroom
Bob: I left the asparagus there
Alice: did you see the grapefruits
Bob: they are in the front_yard or the sunroom","does the woman know who put the eggplants 
in the bathroom?",Yes,TRUE,Context,Variable Swap,Invarianat
"Alice: did you see the pineapples
Bob: the pineapples are in the crawlspace
Alice: how about the corn
Bob: the corn is in the sunroom or the front_yard
Alice: what about the pumpkins
Bob: I put the pumpkins in the bathroom and travelled to the front_yard
Alice: are some of them in the bathroom
Bob: yes, some of them are there
Alice: did Alexander leave the pineapples there
Bob: he left the pumpkins there
Alice: where was he
Bob: he said he travelled to the bathroom
Alice: where are the eggplants
Bob: Alexander and Jack put them in the bathroom
Alice: where did Lucas go
Bob: he travelled to the bathroom and the sunroom
Alice: did you leave the pineapples in the sunroom
Bob: I left the asparagus there
Alice: did you see the grapefruits
Bob: they are in the front_yard or the sunroom","does the woman know who put the pumpkins 
in the bathroom?",Yes,TRUE,Question,Variable Substitution,Invarianat
"Alice: did you see the pineapples
Bob: the pineapples are in the crawlspace
Alice: how about the corn
Bob: the corn is in the sunroom or the front_yard
Alice: what about the pumpkins
Bob: I put the pumpkins in the bathroom and travelled to the front_yard
Alice: are some of them in the bathroom
Bob: yes, some of them are there
Alice: did Alexander leave the pineapples there
Bob: he left the pumpkins there
Alice: where was he
Bob: he said he travelled to the bathroom
Alice: where are the eggplants
Bob: Alexander or Jack put them in the bathroom
Alice: where did Lucas go
Bob: he travelled to the bathroom and the sunroom
Alice: did you leave the pineapples in the sunroom
Bob: I left the asparagus there
Alice: did you see the grapefruits
Bob: they are in the front_yard or the sunroom","does the woman know who put the eggplants 
in the bathroom?",No,TRUE,Context,"Logical Connective
Change",Flip
"Alice: are some of the strawberries in the bedroom
Bob: three are there
Alice: were you there
Bob: I was not there
Alice: then where
Bob: I journeyed to the office and the front_yard
Alice: was Jack there
Bob: he journeyed to the bedroom
Alice: did he leave the plums in the bedroom
Bob: he left them in the bedroom or the front_yard
Alice: did he put the limes in the bedroom
Bob: yes
Alice: where can I find the sweet potatoes
Bob: they are in the office or the staircase
Alice: where did you see Aiden
Bob: I know he didn't went to the staircase
Alice: where was he
Bob: he said he went to the office
Alice: where can I find the carrots
Bob: I don't know",did Jack put the limes in the bedroom ?,Yes,FALSE,None,-,-
"Alice: are some of the strawberries in the bedroom
Bob: three are there
Alice: were you there
Bob: I was not there
Alice: then where
Bob: I journeyed to the office and the front_yard
Alice: was Aiden there
Bob: he journeyed to the bedroom
Alice: did he leave the plums in the bedroom
Bob: he left them in the bedroom or the front_yard
Alice: did he put the limes in the bedroom
Bob: yes
Alice: where can I find the sweet potatoes
Bob: they are in the office or the staircase
Alice: where did you see Jack
Bob: I know he didn't went to the staircase
Alice: where was he
Bob: he said he went to the office
Alice: where can I find the carrots
Bob: I don't know",did Jack put the limes in the bedroom ?,No,TRUE,Context,Variable Swap,Flip
"Alice: are some of the limes in the bedroom
Bob: three are there
Alice: were you there
Bob: I was not there
Alice: then where
Bob: I journeyed to the office and the front_yard
Alice: was Jack there
Bob: he journeyed to the bedroom
Alice: did he leave the plums in the bedroom
Bob: he left them in the bedroom or the front_yard
Alice: did he put the strawberries in the bedroom
Bob: yes
Alice: where can I find the sweet potatoes
Bob: they are in the office or the staircase
Alice: where did you see Aiden
Bob: I know he didn't went to the staircase
Alice: where was he
Bob: he said he went to the office
Alice: where can I find the carrots
Bob: I don't know",did Jack put the limes in the bedroom ?,No,TRUE,Context,Variable Swap,Flip
"Alice: are some of the strawberries in the bedroom
Bob: three are there
Alice: were you there
Bob: I was not there
Alice: then where
Bob: I journeyed to the office and the front_yard
Alice: was Jack there
Bob: he journeyed to the bedroom
Alice: did he leave the plums in the bedroom
Bob: he left them in the bedroom and the front_yard
Alice: did he put the limes in the bedroom
Bob: yes
Alice: where can I find the sweet potatoes
Bob: they are in the office or the staircase
Alice: where did you see Aiden
Bob: I know he didn't went to the staircase
Alice: where was he
Bob: he said he went to the office
Alice: where can I find the carrots
Bob: I don't know",did Jack put the limes in the bedroom ?,Yes,TRUE,Context,"Logical Connective
Change",Invarianat
"Alice: are some of the strawberries in the bedroom
Bob: three are there
Alice: were you there
Bob: I was not there
Alice: then where
Bob: I journeyed to the office and the front_yard
Alice: was Jack there
Bob: he journeyed to the bedroom
Alice: did he leave the plums in the bedroom
Bob: he left them in the bedroom or the front_yard
Alice: did he put the limes in the bedroom
Bob: No
Alice: where can I find the sweet potatoes
Bob: they are in the office or the staircase
Alice: where did you see Aiden
Bob: I know he didn't went to the staircase
Alice: where was he
Bob: he said he went to the office
Alice: where can I find the carrots
Bob: I don't know",did Jack put the limes in the bedroom ?,No,TRUE,Context,Negation,Flip
"Alice: did Logan place the pears in the garden
Bob: he said he was in the cellar
Alice: did you place the pears there
Bob: no
Alice: where did you go
Bob: I went to the kitchen and the crawlspace
Alice: did Ethan place the lettuces there
Bob: he placed them in the cellar if not the crawlspace
Alice: was he in the crawlspace
Bob: he was in the garden
Alice: where can I get the green peppers
Bob: I put the green peppers in the garden and went to the crawlspace
Alice: did Ethan put the cherries in the cellar
Bob: he put them in the cellar or the kitchen
Alice: did you put the onions there
Bob: no
Alice: where are they
Bob: there is a blue drawer in the crawlspace
Alice: how many
Bob: there are five",is the woman sure about where the lettuces are?,No,FALSE,None,-,-
"Alice: did Logan place the pears in the garden
Bob: he said he was in the cellar
Alice: did you place the pears there
Bob: no
Alice: where did you go
Bob: I went to the kitchen and the crawlspace
Alice: did Ethan place the onions there
Bob: he placed them in the cellar if not the crawlspace
Alice: was he in the crawlspace
Bob: he was in the garden
Alice: where can I get the green peppers
Bob: I put the green peppers in the garden and went to the crawlspace
Alice: did Ethan put the cherries in the cellar
Bob: he put them in the cellar or the kitchen
Alice: did you put the lettuces there
Bob: no
Alice: where are they
Bob: there is a blue drawer in the crawlspace
Alice: how many
Bob: there are five",is the woman sure about where the lettuces are?,Yes,TRUE,Context,Variable Swap,Flip
"Alice: did Ethan place the pears in the garden
Bob: he said he was in the cellar
Alice: did you place the pears there
Bob: no
Alice: where did you go
Bob: I went to the kitchen and the crawlspace
Alice: did Logan place the lettuces there
Bob: he placed them in the cellar if not the crawlspace
Alice: was he in the crawlspace
Bob: he was in the garden
Alice: where can I get the green peppers
Bob: I put the green peppers in the garden and went to the crawlspace
Alice: did Ethan put the cherries in the cellar
Bob: he put them in the cellar or the kitchen
Alice: did you put the onions there
Bob: no
Alice: where are they
Bob: there is a blue drawer in the crawlspace
Alice: how many
Bob: there are five",is the woman sure about where the lettuces are?,No,TRUE,Context,Variable Swap,Invarianat
"Alice: did Logan place the pears in the garden
Bob: he said he was in the cellar
Alice: did you place the pears there
Bob: no
Alice: where did you go
Bob: I went to the kitchen and the crawlspace
Alice: did Ethan place the lettuces there
Bob: he placed them in the garden if not the crawlspace
Alice: was he in the crawlspace
Bob: he was in the cellar
Alice: where can I get the green peppers
Bob: I put the green peppers in the garden and went to the crawlspace
Alice: did Ethan put the cherries in the cellar
Bob: he put them in the cellar or the kitchen
Alice: did you put the onions there
Bob: no
Alice: where are they
Bob: there is a blue drawer in the crawlspace
Alice: how many
Bob: there are five",is the woman sure about where the lettuces are?,No,TRUE,Context,Variable Swap ,Invarianat
"Alice: did Logan place the pears in the garden
Bob: he said he was in the cellar
Alice: did you place the pears there
Bob: no
Alice: where did you go
Bob: I went to the kitchen and the crawlspace
Alice: did Ethan place the lettuces there
Bob: he placed them in the cellar or the crawlspace
Alice: was he in the crawlspace
Bob: he was in the garden
Alice: where can I get the green peppers
Bob: I put the green peppers in the garden and went to the crawlspace
Alice: did Ethan put the cherries in the cellar
Bob: he put them in the cellar or the kitchen
Alice: did you put the onions there
Bob: no
Alice: where are they
Bob: there is a blue drawer in the crawlspace
Alice: how many
Bob: there are five",is the woman sure about where the lettuces are?,No,TRUE,Context,"Logical Connective
Change",Invarianat
"Alice: did Logan place the pears in the garden
Bob: he said he was in the cellar
Alice: did you place the pears there
Bob: no
Alice: where did you go
Bob: I went to the kitchen and the crawlspace
Alice: did Ethan place the lettuces there
Bob: he placed them in the cellar if not the crawlspace
Alice: was he in the crawlspace
Bob: he was in the garden
Alice: where can I get the green peppers
Bob: I put the green peppers in the garden and went to the crawlspace
Alice: did Ethan put the cherries in the cellar
Bob: he put them in the cellar or the kitchen
Alice: did you put the onions there
Bob: no
Alice: where are they
Bob: there is a blue drawer in the crawlspace
Alice: how many
Bob: there are five","is the woman sure about where the green 
peppers are?",Yes,TRUE,Question,Variable Substitution,Flip
"Alice: were you in the den
Bob: I was not there
Alice: did you see the pumpkins
Bob: they are in the garden or the basement
Alice: how about the plums
Bob: I put the plums in the den and travelled to the basement
Alice: where are the oranges
Bob: I put the oranges in the garden and journeyed to the basement
Alice: where can I find the green peppers
Bob: Abigail left the green peppers in the basement and walked to the basement
Alice: how many are in the basement
Bob: there are three or four
Alice: did Chloe go to the garden 
Bob: she was in the porch
Alice: did you put the beans there
Bob: I put the limes there
Alice: are some of the oranges in the garden
Bob: all of them are in the garden
Alice: where can I get the grapefruits
Bob: there is a red container in the basement",are some of the oranges in the garden?,Yes,FALSE,None,-,-
"Alice: were you in the den
Bob: I was not there
Alice: did you see the pumpkins
Bob: they are in the garden or the basement
Alice: how about the plums
Bob: I put the plums in the den and travelled to the basement
Alice: where are the oranges
Bob: I put the oranges in the garden and journeyed to the basement
Alice: where can I find the green peppers
Bob: Abigail left the green peppers in the basement and walked to the basement
Alice: how many are in the basement
Bob: there are three or four
Alice: did Chloe go to the garden 
Bob: she was in the porch
Alice: did you put the beans there
Bob: I put the limes there
Alice: are all of the oranges in the garden
Bob: all of them are in the garden
Alice: where can I get the grapefruits
Bob: there is a red container in the basement",are some of the oranges in the garden?,Yes,TRUE,Context,Quantifier change,Invarianat
"Alice: were you in the den
Bob: I was not there
Alice: did you see the pumpkins
Bob: they are in the garden or the basement
Alice: how about the plums
Bob: I put the plums in the den and travelled to the basement
Alice: where are the oranges
Bob: I put the oranges in the garden and journeyed to the basement
Alice: where can I find the green peppers
Bob: Abigail left the green peppers in the basement and walked to the basement
Alice: how many are in the basement
Bob: there are three or four
Alice: did Chloe go to the garden 
Bob: she was in the porch
Alice: did you put the beans there
Bob: I put the limes there
Alice: are some of the oranges in the garden
Bob: all of them are not in the garden
Alice: where can I get the grapefruits
Bob: there is a red container in the basement",are some of the oranges in the garden?,No,TRUE,Context,Negation,Flip
"Alice: were you in the den
Bob: I was not there
Alice: did you see the pumpkins
Bob: they are in the garden or the basement
Alice: how about the plums
Bob: I put the plums in the den and travelled to the basement
Alice: where are the oranges
Bob: I put the oranges in the garden and journeyed to the basement
Alice: where can I find the green peppers
Bob: Abigail left the green peppers in the basement and walked to the basement
Alice: how many are in the basement
Bob: there are three or four
Alice: did Chloe go to the garden 
Bob: she was in the porch
Alice: did you put the beans there
Bob: I put the limes there
Alice: are some of the oranges in the garden
Bob: Not all of them are in the garden
Alice: where can I get the grapefruits
Bob: there is a red container in the basement",are some of the oranges in the garden?,Yes,TRUE,Context,Negation,Invarianat
"Alice: were you in the den
Bob: I was not there
Alice: did you see the pumpkins
Bob: they are in the garden or the basement
Alice: how about the plums
Bob: I put the plums in the den and travelled to the basement
Alice: where are the oranges
Bob: I put the oranges in the garden and journeyed to the basement
Alice: where can I find the green peppers
Bob: Abigail left the green peppers in the basement and walked to the basement
Alice: how many are in the basement
Bob: there are three or four
Alice: did Chloe go to the garden 
Bob: she was in the porch
Alice: did you put the beans there
Bob: I put the limes there
Alice: are some of the oranges not in the garden
Bob: all of them are in the garden
Alice: where can I get the grapefruits
Bob: there is a red container in the basement",are some of the oranges in the garden?,Yes,TRUE,Context,Negation,Invarianat
"Alice: were you in the den
Bob: I was not there
Alice: did you see the pumpkins
Bob: they are in the garden or the basement
Alice: how about the plums
Bob: I put the plums in the den and travelled to the basement
Alice: where are the oranges
Bob: I put the oranges in the garden and journeyed to the basement
Alice: where can I find the green peppers
Bob: Abigail left the green peppers in the basement and walked to the basement
Alice: how many are in the basement
Bob: there are three or four
Alice: did Chloe go to the garden 
Bob: she was in the porch
Alice: did you put the beans there
Bob: I put the limes there
Alice: are some of the oranges in the garden
Bob: all of them are in the garden
Alice: where can I get the grapefruits
Bob: there is a red container in the basement",are all of the oranges in the garden?,Yes,TRUE,Question,Quantifier change,Invarianat
"Alice: were you in the den
Bob: I was not there
Alice: did you see the pumpkins
Bob: they are in the garden or the basement
Alice: how about the plums
Bob: I put the plums in the den and travelled to the basement
Alice: where are the oranges
Bob: I put the oranges in the garden and journeyed to the basement
Alice: where can I find the green peppers
Bob: Abigail left the green peppers in the basement and walked to the basement
Alice: how many are in the basement
Bob: there are three or four
Alice: did Chloe go to the garden 
Bob: she was in the porch
Alice: did you put the beans there
Bob: I put the limes there
Alice: are some of the grapefruits in the garden
Bob: all of them are in the garden
Alice: where can I get the oranges
Bob: there is a red container in the basement",are some of the oranges in the garden?,Yes,TRUE,Context,Variable Swap,Invarianat
"Alice: were you in the den
Bob: I was not there
Alice: did you see the pumpkins
Bob: they are in the garden or the basement
Alice: how about the plums
Bob: I put the plums in the den and travelled to the basement
Alice: where are the oranges
Bob: I put the oranges in the garden and journeyed to the basement
Alice: where can I find the green peppers
Bob: Abigail left the green peppers in the basement and walked to the basement
Alice: how many are in the basement
Bob: there are three or four
Alice: did Chloe go to the garden 
Bob: she was in the porch
Alice: did you put the beans there
Bob: I put the limes there
Alice: are some of the oranges in the garden
Bob: all of them are in the garden
Alice: where can I get the grapefruits
Bob: there is a red container in the basement",are some of the limes in the garden?,No,TRUE,Question,Variable Substitution,Flip
"Alice: did you see the apple
Bob: there is a blue envelope in the living_room
Alice: are some of the corns in the kitchen
Bob: four corns are in the kitchen
Alice: are some of the radishes in the playroom
Bob: Nathan said he left five of them there
Alice: how many turnips are there
Bob: there are one or two
Alice: where can I get the persimmon
Bob: Benjamin said there is a blue cupboard in the living_room
Alice: did you place the turnips in the playroom
Bob: no, I didn't
Alice: were you there
Bob: I returned to the garden
Alice: are all the oranges in the kitchen
Bob: some are in the kitchen
Alice: where is the cabbage
Bob: it is in the garden
Alice: what about the lime
Bob: Nathan said he left the lime in the garden and journeyed to the 
garden",does the woman know how many are the corns?,Yes,FALSE,None,-,-
"Alice: did you see the apple
Bob: there is a blue envelope in the living_room
Alice: are some of the corns in the kitchen
Bob: three corns are in the kitchen
Alice: are some of the radishes in the playroom
Bob: Nathan said he left five of them there
Alice: how many turnips are there
Bob: there are one or two
Alice: where can I get the persimmon
Bob: Benjamin said there is a blue cupboard in the living_room
Alice: did you place the turnips in the playroom
Bob: no, I didn't
Alice: were you there
Bob: I returned to the garden
Alice: are all the oranges in the kitchen
Bob: some are in the kitchen
Alice: where is the cabbage
Bob: it is in the garden
Alice: what about the lime
Bob: Nathan said he left the lime in the garden and journeyed to the 
garden",does the woman know how many are the corns?,Yes,TRUE,Context,Quantity Change,Invarianat
"Alice: did you see the apple
Bob: there is a blue envelope in the living_room
Alice: are some of the turnips in the kitchen
Bob: four corns are in the kitchen
Alice: are some of the radishes in the playroom
Bob: Nathan said he left five of them there
Alice: how many corns are there
Bob: there are one or two
Alice: where can I get the persimmon
Bob: Benjamin said there is a blue cupboard in the living_room
Alice: did you place the turnips in the playroom
Bob: no, I didn't
Alice: were you there
Bob: I returned to the garden
Alice: are all the oranges in the kitchen
Bob: some are in the kitchen
Alice: where is the cabbage
Bob: it is in the garden
Alice: what about the lime
Bob: Nathan said he left the lime in the garden and journeyed to the 
garden",does the woman know how many are the corns?,No,TRUE,Context,Variable Swap,Flip
"Alice: did you see the apple
Bob: there is a blue envelope in the living_room
Alice: are some of the corns in the kitchen
Bob: four corns are in the living_room
Alice: are some of the radishes in the playroom
Bob: Nathan said he left five of them there
Alice: how many turnips are there
Bob: there are one or two
Alice: where can I get the persimmon
Bob: Benjamin said there is a blue cupboard in the kitchen
Alice: did you place the turnips in the playroom
Bob: no, I didn't
Alice: were you there
Bob: I returned to the garden
Alice: are all the oranges in the kitchen
Bob: some are in the kitchen
Alice: where is the cabbage
Bob: it is in the garden
Alice: what about the lime
Bob: Nathan said he left the lime in the garden and journeyed to the 
garden",does the woman know how many are the corns?,Yes,TRUE ,Context,Variable Swap,Invarianat
"Alice: did you see the apple
Bob: there is a blue envelope in the living_room
Alice: are some of the corns in the kitchen
Bob: four corns are in the kitchen
Alice: are some of the radishes in the playroom
Bob: Benjamin said he left five of them there
Alice: how many turnips are there
Bob: there are one or two
Alice: where can I get the persimmon
Bob: Nathan said there is a blue cupboard in the living_room
Alice: did you place the turnips in the playroom
Bob: no, I didn't
Alice: were you there
Bob: I returned to the garden
Alice: are all the oranges in the kitchen
Bob: some are in the kitchen
Alice: where is the cabbage
Bob: it is in the garden
Alice: what about the lime
Bob: Nathan said he left the lime in the garden and journeyed to the 
garden",does the woman know how many are the corns?,Yes,TRUE,Context,Variable Swap,Invarianat
"Alice: did you see the apple
Bob: there is a blue envelope in the living_room
Alice: are some of the corns in the kitchen
Bob: four corns are in the kitchen
Alice: are some of the radishes in the playroom
Bob: Nathan said he left five of them there
Alice: how many turnips are there
Bob: there are one or two
Alice: where can I get the persimmon
Bob: Benjamin said there is a blue cupboard in the living_room
Alice: did you place the turnips in the playroom
Bob: no, I didn't
Alice: were you there
Bob: I returned to the garden
Alice: are all the oranges in the kitchen
Bob: all are in the kitchen
Alice: where is the cabbage
Bob: it is in the garden
Alice: what about the lime
Bob: Nathan said he left the lime in the garden and journeyed to the 
garden",does the woman know how many are the corns?,Yes,TRUE,Context,Quantifier change,Invarianat
"Alice: did you see the apple
Bob: there is a blue envelope in the living_room
Alice: are some of the corns in the kitchen
Bob: four corns are in the kitchen
Alice: are some of the radishes in the playroom
Bob: Nathan said he left five of them there
Alice: how many turnips are there
Bob: there are one or two
Alice: where can I get the persimmon
Bob: Benjamin said there is a blue cupboard in the living_room
Alice: did you place the turnips in the playroom
Bob: no, I didn't
Alice: were you there
Bob: I returned to the garden
Alice: are all the oranges in the kitchen
Bob: some are in the kitchen
Alice: where is the cabbage
Bob: it is in the garden
Alice: what about the lime
Bob: Nathan said he left the lime in the garden and journeyed to the 
garden","does the woman know how many are the 
radhishes?",Yes,TRUE ,Context,Variable Substitution,Invarianat
"Alice: did you see the apple
Bob: there is a blue envelope in the living_room
Alice: are some of the corns in the kitchen
Bob: four corns are in the kitchen
Alice: are some of the radishes in the playroom
Bob: Nathan said he left five of them there
Alice: how many turnips are there
Bob: there are one or two
Alice: where can I get the persimmon
Bob: Benjamin said there is a blue cupboard in the living_room
Alice: did you place the turnips in the playroom
Bob: no, I didn't
Alice: were you there
Bob: I returned to the garden
Alice: are all the oranges in the kitchen
Bob: some are in the kitchen
Alice: where is the cabbage
Bob: it is in the garden
Alice: what about the lime
Bob: Nathan said he left the lime in the garden and journeyed to the 
garden","does the woman know how many are the 
turnips?",No,TRUE,Question,Variable Substitution,Flip
"Alice: was Hunter in the bedroom
Bob: no
Alice: where was he
Bob: he walked to the bedroom and the den
Alice: where can I get the potatoes
Bob: they are in the bedroom or the den
Alice: what about the carrots
Bob: the carrots are in the cellar
Alice: are some of them there
Bob: three are in the cellar
Alice: were you there
Bob: I was not there
Alice: what about the basement
Bob: I was in the basement and left the pineapples
Alice: are some of them there
Bob: I left two of the pineapples there
Alice: where can I get the broccolis
Bob: Lily and I put them in the cellar
Alice: are some of them in the cellar
Bob: Lily said she left five there",is there any carrots in the cellar?,Yes,FALSE,None,-,-
"Alice: was Hunter in the bedroom
Bob: no
Alice: where was he
Bob: he walked to the bedroom and the den
Alice: where can I get the potatoes
Bob: they are in the bedroom or the den
Alice: what about the carrots
Bob: the carrots are in the cellar
Alice: are all of them there
Bob: three are in the cellar
Alice: were you there
Bob: I was not there
Alice: what about the basement
Bob: I was in the basement and left the pineapples
Alice: are some of them there
Bob: I left two of the pineapples there
Alice: where can I get the broccolis
Bob: Lily and I put them in the cellar
Alice: are some of them in the cellar
Bob: Lily said she left five there",is there any carrots in the cellar?,Yes,TRUE,Context,Quantifier change,Invarianat
"Alice: was Hunter in the bedroom
Bob: no
Alice: where was he
Bob: he walked to the bedroom and the den
Alice: where can I get the carrots
Bob: they are in the bedroom or the den
Alice: what about the carrots
Bob: the potatoes are in the cellar
Alice: are some of them there
Bob: three are in the cellar
Alice: were you there
Bob: I was not there
Alice: what about the basement
Bob: I was in the basement and left the pineapples
Alice: are some of them there
Bob: I left two of the pineapples there
Alice: where can I get the broccolis
Bob: Lily and I put them in the cellar
Alice: are some of them in the cellar
Bob: Lily said she left five there",is there any carrots in the cellar?,No,TRUE,Context,Variable Swap,Flip
"Alice: was Hunter in the bedroom
Bob: no
Alice: where was he
Bob: he walked to the bedroom and the den
Alice: where can I get the potatoes
Bob: they are in the bedroom or the den
Alice: what about the carrots
Bob: the carrots are in the cellar
Alice: are some of them there
Bob: three are in the cellar
Alice: were you there
Bob: I was not there
Alice: what about the basement
Bob: I was in the basement and left the pineapples
Alice: are some of them there
Bob: I left two of the pineapples there
Alice: where can I get the broccolis
Bob: Lily and I put them in the cellar
Alice: are some of them in the cellar
Bob: Lily said she left five there",is there any broccolis in the cellar?,Yes,TRUE,Question,Variable Substitution,Invarianat
"Alice: was Hunter in the bedroom
Bob: no
Alice: where was he
Bob: he walked to the bedroom and the den
Alice: where can I get the potatoes
Bob: they are in the bedroom or the den
Alice: what about the carrots
Bob: the carrots are in the cellar
Alice: are some of them there
Bob: four are in the cellar
Alice: were you there
Bob: I was not there
Alice: what about the basement
Bob: I was in the basement and left the pineapples
Alice: are some of them there
Bob: I left two of the pineapples there
Alice: where can I get the broccolis
Bob: Lily and I put them in the cellar
Alice: are some of them in the cellar
Bob: Lily said she left five there",is there any carrots in the cellar?,Yes,TRUE,Context,Quanity Change,Invarianat
"Alice: was Hunter in the bedroom
Bob: no
Alice: where was he
Bob: he walked to the bedroom and the den
Alice: where can I get the potatoes
Bob: they are in the bedroom or the den
Alice: what about the carrots
Bob: the carrots are in the cellar
Alice: are some of them there
Bob: three are in the cellar
Alice: were you there
Bob: I was there
Alice: what about the basement
Bob: I was in the basement and left the pineapples
Alice: are some of them there
Bob: I left two of the pineapples there
Alice: where can I get the broccolis
Bob: Lily and I put them in the cellar
Alice: are some of them in the cellar
Bob: Lily said she left five there",is there any carrots in the cellar?,Yes,TRUE,Context,Negation,Invarianat
"Alice: where can I get the plums
Bob: Sophia said there is a blue cupboard in the front_yard
Alice: did you see the cabbages
Bob: Emma said there is a blue pantry in the kitchen
Alice: did Abigail place the cabbages there
Bob: she placed them there and journeyed to the TV_room
Alice: how many cabbages are there
Bob: there are three
Alice: are all of the plums in the front_yard
Bob: some are there
Alice: did Abigail leave them in the front_yard
Bob: no, she didn't
Alice: did you put them in the front_yard
Bob: no
Alice: did you see the pumpkins
Bob: there is a blue drawer in the closet
Alice: are some of the pumpkins there
Bob: Isabella said she put three of them there
Alice: how many broccolis are in the kitchen
Bob: there are at least one there",are there any plums in the kitchen ?,No,FALSE,None,-,-
"Alice: where can I get the plums
Bob: Sophia said there is a blue cupboard in the front_yard
Alice: did you see the cabbages
Bob: Emma said there is a blue pantry in the kitchen
Alice: did Abigail place the cabbages there
Bob: she placed them there and journeyed to the TV_room
Alice: how many cabbages are there
Bob: there are three
Alice: are some of the plums in the front_yard
Bob: some are there
Alice: did Abigail leave them in the front_yard
Bob: no, she didn't
Alice: did you put them in the front_yard
Bob: no
Alice: did you see the pumpkins
Bob: there is a blue drawer in the closet
Alice: are some of the pumpkins there
Bob: Isabella said she put three of them there
Alice: how many broccolis are in the kitchen
Bob: there are at least one there",are there any plums in the kitchen ?,No,TRUE,Context,Quantifier change,Invarianat
"Alice: where can I get the plums
Bob: Sophia said there is a blue cupboard in the front_yard
Alice: did you see the cabbages
Bob: Emma said there is a blue pantry in the kitchen
Alice: did Abigail place the cabbages there
Bob: she placed them there and journeyed to the TV_room
Alice: how many cabbages are there
Bob: there are three
Alice: are all the plums in the front_yard
Bob: some are there
Alice: did Abigail leave them in the front_yard
Bob: no, she didn't
Alice: did you put them in the front_yard
Bob: no
Alice: did you see the pumpkins
Bob: there is a blue drawer in the closet
Alice: are some of the pumpkins there
Bob: Isabella said she put three of them there
Alice: how many broccolis are in the kitchen
Bob: there are at least one there",are there any broccolis in the kitchen ?,Yes,TRUE,Question,Variable Substitution,Flip
"Alice: where can I get the plums
Bob: Sophia said there is a blue cupboard in the front_yard
Alice: did you see the cabbages
Bob: Emma said there is a blue pantry in the kitchen
Alice: did Abigail place the cabbages there
Bob: she placed them there and journeyed to the TV_room
Alice: how many cabbages are there
Bob: there are three
Alice: are all the plums in the front_yard
Bob: some are there
Alice: did Abigail leave them in the front_yard
Bob: no, she didn't
Alice: did you put them in the front_yard
Bob: Yes
Alice: did you see the pumpkins
Bob: there is a blue drawer in the closet
Alice: are some of the pumpkins there
Bob: Isabella said she put three of them there
Alice: how many broccolis are in the kitchen
Bob: there are at least one there",are there any plums in the kitchen ?,No,TRUE ,Context,Negation,Invarianat
"Alice: where can I get the plums
Bob: Sophia said there is a blue cupboard in the front_yard
Alice: did you see the cabbages
Bob: Emma said there is a blue pantry in the kitchen
Alice: did Abigail place the cabbages there
Bob: she placed them there and journeyed to the TV_room
Alice: how many cabbages are there
Bob: there are five
Alice: are all of the plums in the front_yard
Bob: some are there
Alice: did Abigail leave them in the front_yard
Bob: no, she didn't
Alice: did you put them in the front_yard
Bob: no
Alice: did you see the pumpkins
Bob: there is a blue drawer in the closet
Alice: are some of the pumpkins there
Bob: Isabella said she put three of them there
Alice: how many broccolis are in the kitchen
Bob: there are at least one there",are there any plums in the kitchen ?,No,TRUE,Context,Quantity Change,Invarianat
"Alice: are all of the cherries in the den
Bob: I saw some there
Alice: are some of the turnips in the living_room
Bob: three turnips are in the living_room
Alice: did Nathan go to the basement 
Bob: Nathan was in the basement
Alice: where can I get the beans
Bob: Lily said there is a green suitcase in the lounge
Alice: did you place the turnips there
Bob: no
Alice: are some of the persimmons in the living_room
Bob: five persimmons are in the living_room
Alice: where are the grapefruits
Bob: there is a blue envelope in the basement
Alice: did Nathan place them in the basement
Bob: yes, he did
Alice: where can I get the lettuces
Bob: Lily said there is a blue basket in the lounge
Alice: did you place them there
Bob: no, I didn't",is there any cherries in the den?,Yes,FALSE ,None,-,-
"Alice: are some of the cherries in the den
Bob: I saw some there
Alice: are some of the turnips in the living_room
Bob: three turnips are in the living_room
Alice: did Nathan go to the basement 
Bob: Nathan was in the basement
Alice: where can I get the beans
Bob: Lily said there is a green suitcase in the lounge
Alice: did you place the turnips there
Bob: no
Alice: are some of the persimmons in the living_room
Bob: five persimmons are in the living_room
Alice: where are the grapefruits
Bob: there is a blue envelope in the basement
Alice: did Nathan place them in the basement
Bob: yes, he did
Alice: where can I get the lettuces
Bob: Lily said there is a blue basket in the lounge
Alice: did you place them there
Bob: no, I didn't",is there any cherries in the den?,Yes,TRUE,Context,Quantifier change,Invarianat
"Alice: are all of the cherries in the den
Bob: I saw some there
Alice: are some of the turnips in the living_room
Bob: four turnips are in the living_room
Alice: did Nathan go to the basement 
Bob: Nathan was in the basement
Alice: where can I get the beans
Bob: Lily said there is a green suitcase in the lounge
Alice: did you place the turnips there
Bob: no
Alice: are some of the persimmons in the living_room
Bob: five persimmons are in the living_room
Alice: where are the grapefruits
Bob: there is a blue envelope in the basement
Alice: did Nathan place them in the basement
Bob: yes, he did
Alice: where can I get the lettuces
Bob: Lily said there is a blue basket in the lounge
Alice: did you place them there
Bob: no, I didn't",is there any cherries in the den?,Yes,TRUE,Context,Quanity Change,Invarianat
"Alice: are all of the cherries in the den
Bob: I saw some there
Alice: are some of the turnips in the living_room
Bob: three turnips are in the living_room
Alice: did Nathan go to the basement 
Bob: Nathan was in the basement
Alice: where can I get the beans
Bob: Lily said there is a green suitcase in the lounge
Alice: did you place the turnips there
Bob: no
Alice: are some of the persimmons in the living_room
Bob: five persimmons are in the living_room
Alice: where are the grapefruits
Bob: there is a blue envelope in the basement
Alice: did Nathan place them in the basement
Bob: yes, he did
Alice: where can I get the lettuces
Bob: Lily said there is a blue basket in the lounge
Alice: did you place them there
Bob: no, I didn't",is there any turnips in the den?,No,TRUE,Question,Variable Substitution,Flip
"Alice: are all of the cherries in the den
Bob: I didn't see any there
Alice: are some of the turnips in the living_room
Bob: three turnips are in the living_room
Alice: did Nathan go to the basement 
Bob: Nathan was in the basement
Alice: where can I get the beans
Bob: Lily said there is a green suitcase in the lounge
Alice: did you place the turnips there
Bob: no
Alice: are some of the persimmons in the living_room
Bob: five persimmons are in the living_room
Alice: where are the grapefruits
Bob: there is a blue envelope in the basement
Alice: did Nathan place them in the basement
Bob: yes, he did
Alice: where can I get the lettuces
Bob: Lily said there is a blue basket in the lounge
Alice: did you place them there
Bob: no, I didn't",is there any cherries in the den?,No,TRUE,Context,Negation,Flip
"Alice: where can I find the plums
Bob: there is a red pantry in the closet
Alice: are some of the plums there
Bob: I don't know
Alice: did Carter leave them there
Bob: no
Alice: did Jack leave them in the closet
Bob: he said he left them and the peaches there
Alice: did he leave the beans in the garden
Bob: he left them in the closet or the garden
Alice: did he leave the broccolis in the garden
Bob: he left them in the garden or the playroom
Alice: are some of the eggplants in the pantry
Bob: five are in the pantry
Alice: where did Carter go
Bob: he said he was in the playroom
Alice: did he place the turnips in the pantry
Bob: he placed the persimmon there
Alice: where were you
Bob: I went to the garden",are the turnips in the pantry?,No,FALSE ,None,-,-
"Alice: where can I find the plums
Bob: there is a red pantry in the closet
Alice: are some of the plums there
Bob: I don't know
Alice: did Carter leave them there
Bob: no
Alice: did Jack leave them in the closet
Bob: he said he left them and the peaches there
Alice: did he leave the beans in the garden
Bob: he left them in the closet or the garden
Alice: did he leave the broccolis in the garden
Bob: he left them in the garden or the playroom
Alice: are some of the turnips in the pantry
Bob: five are in the pantry
Alice: where did Carter go
Bob: he said he was in the playroom
Alice: did he place the eggplants in the pantry
Bob: he placed the persimmon there
Alice: where were you
Bob: I went to the garden",are the turnips in the pantry?,Yes,TRUE ,Context,Variable Swap ,Flip
"Alice: where can I find the plums
Bob: there is a red pantry in the closet
Alice: are some of the plums there
Bob: I don't know
Alice: did Carter leave them there
Bob: no
Alice: did Jack leave them in the closet
Bob: he said he left them and the peaches there
Alice: did he leave the beans in the garden
Bob: he left them in the closet or the garden
Alice: did he leave the broccolis in the garden
Bob: he left them in the garden or the playroom
Alice: are some of the eggplants in the pantry
Bob: three are in the pantry
Alice: where did Carter go
Bob: he said he was in the playroom
Alice: did he place the turnips in the pantry
Bob: he placed the persimmon there
Alice: where were you
Bob: I went to the garden",are the turnips in the pantry?,No,TRUE ,Context,Quantity Change,Invarianat
"Alice: where can I find the plums
Bob: there is a red pantry in the closet
Alice: are some of the plums there
Bob: I don't know
Alice: did Carter leave them there
Bob: no
Alice: did Jack leave them in the closet
Bob: he said he left them and the peaches there
Alice: did he leave the beans in the garden
Bob: he left them in the closet or the garden
Alice: did he leave the broccolis in the garden
Bob: he left them in the garden or the playroom
Alice: are some of the eggplants in the pantry
Bob: five are in the pantry
Alice: where did Carter go
Bob: he said he was in the playroom
Alice: did he place the turnips in the pantry
Bob: he placed the persimmon there
Alice: where were you
Bob: I went to the garden",are the eggplants in the pantry?,Yes,TRUE ,Question,Variable Substitution,Flip
"Alice: where can I find the plums
Bob: there is a red pantry in the closet
Alice: are some of the plums there
Bob: I don't know
Alice: did Carter leave them there
Bob: no
Alice: did Jack leave them in the closet
Bob: he said he left them and the peaches there
Alice: did he leave the beans in the garden
Bob: he left them in the closet or the garden
Alice: did he leave the broccolis in the garden
Bob: he left them in the garden or the playroom
Alice: are all of the eggplants in the pantry
Bob: five are in the pantry
Alice: where did Carter go
Bob: he said he was in the playroom
Alice: did he place the turnips in the pantry
Bob: he placed the persimmon there
Alice: where were you
Bob: I went to the garden",are the turnips in the pantry?,No,TRUE ,Context,Quantifier change,Invarianat
"Alice: are some of the bananas in the back_yard
Bob: four are there
Alice: where are the cabbages
Bob: Alexander put the cabbages in the garage and travelled to the 
garage
Alice: how about the pineapples
Bob: Sophia said there is a green suitcase in the garage
Alice: did you place the pineapples there
Bob: yes, I did
Alice: where did you see Abigail
Bob: she said she was in the kitchen
Alice: how many pineapples are in the garage
Bob: three
Alice: where can I get the orange
Bob: the orange is in the back_yard or the kitchen
Alice: where can I get the pears
Bob: they are in the garage or the front_yard
Alice: did you place them in the front_yard
Bob: I placed them there and journeyed to the garage
Alice: did you see the turnip
Bob: there is a red bottle in the kitchen","is the woman sure about how many are the 
bananas?",Yes,FALSE,None,-,-
"Alice: are some of the bananas in the back_yard
Bob: five are there
Alice: where are the cabbages
Bob: Alexander put the cabbages in the garage and travelled to the 
garage
Alice: how about the pineapples
Bob: Sophia said there is a green suitcase in the garage
Alice: did you place the pineapples there
Bob: yes, I did
Alice: where did you see Abigail
Bob: she said she was in the kitchen
Alice: how many pineapples are in the garage
Bob: three
Alice: where can I get the orange
Bob: the orange is in the back_yard or the kitchen
Alice: where can I get the pears
Bob: they are in the garage or the front_yard
Alice: did you place them in the front_yard
Bob: I placed them there and journeyed to the garage
Alice: did you see the turnip
Bob: there is a red bottle in the kitchen","is the woman sure about how many are the 
bananas?",Yes,TRUE,Context,Quantity Change,Invarianat
"Alice: are some of the pineapples in the back_yard
Bob: four are there
Alice: where are the cabbages
Bob: Alexander put the cabbages in the garage and travelled to the 
garage
Alice: how about the pineapples
Bob: Sophia said there is a green suitcase in the garage
Alice: did you place the pineapples there
Bob: yes, I did
Alice: where did you see Abigail
Bob: she said she was in the kitchen
Alice: how many bananas are in the garage
Bob: three
Alice: where can I get the orange
Bob: the orange is in the back_yard or the kitchen
Alice: where can I get the pears
Bob: they are in the garage or the front_yard
Alice: did you place them in the front_yard
Bob: I placed them there and journeyed to the garage
Alice: did you see the turnip
Bob: there is a red bottle in the kitchen","is the woman sure about how many are the 
bananas?",Yes,TRUE ,Context,Variable Swap ,Invarianat
"Alice: are some of the bananas in the back_yard
Bob: four are there
Alice: where are the cabbages
Bob: Alexander put the cabbages in the garage and travelled to the 
garage
Alice: how about the pineapples
Bob: Sophia said there is a green suitcase in the garage
Alice: did you place the pineapples there
Bob: yes, I did
Alice: where did you see Abigail
Bob: she said she was in the kitchen
Alice: how many pineapples are in the garage
Bob: three
Alice: where can I get the orange
Bob: the orange is in the back_yard or the kitchen
Alice: where can I get the pears
Bob: they are in the garage or the front_yard
Alice: did you place them in the front_yard
Bob: I placed them there and journeyed to the garage
Alice: did you see the turnip
Bob: there is a red bottle in the kitchen","is the woman sure about how many are the 
pineapples?",Yes,TRUE ,Question,Variable Substitution,Invarianat
"Alice: are some of the pears in the back_yard
Bob: four are there
Alice: where are the cabbages
Bob: Alexander put the cabbages in the garage and travelled to the 
garage
Alice: how about the pineapples
Bob: Sophia said there is a green suitcase in the garage
Alice: did you place the pineapples there
Bob: yes, I did
Alice: where did you see Abigail
Bob: she said she was in the kitchen
Alice: how many pineapples are in the garage
Bob: three
Alice: where can I get the orange
Bob: the orange is in the back_yard or the kitchen
Alice: where can I get the bananas
Bob: they are in the garage or the front_yard
Alice: did you place them in the front_yard
Bob: I placed them there and journeyed to the garage
Alice: did you see the turnip
Bob: there is a red bottle in the kitchen","is the woman sure about how many are the 
bananas?",No,TRUE ,Context,Variable Swap ,Flip
"Alice: did you leave the corn in the closet
Bob: no, I didn't
Alice: where did you see it
Bob: Chloe said there is a red pantry in the pantry
Alice: how about the green peppers
Bob: they are in the closet
Alice: did Chloe leave the green peppers there
Bob: no, she didn't
Alice: are some of them there
Bob: three green peppers are in the closet
Alice: did Isabella put the strawberries there
Bob: she put them in the closet or the pantry
Alice: where is the pineapple
Bob: it is in the hallway
Alice: are some of the cherries in the closet
Bob: they are all there
Alice: where can I find the pears
Bob: Isabella left them in the back_yard and journeyed to the back_yard
Alice: did she place the cherries in the hallway
Bob: no, she didn't","does the woman know where the strawberries 
are?",No,FALSE,None,-,-
"Alice: did you leave the corn in the closet
Bob: no, I didn't
Alice: where did you see it
Bob: Chloe said there is a red pantry in the pantry
Alice: how about the green peppers
Bob: they are in the closet
Alice: did Chloe leave the green peppers there
Bob: no, she didn't
Alice: are some of them there
Bob: three green peppers are in the closet
Alice: did Isabella put the cherries there
Bob: she put them in the closet or the pantry
Alice: where is the pineapple
Bob: it is in the hallway
Alice: are some of the strawberries in the closet
Bob: they are all there
Alice: where can I find the pears
Bob: Isabella left them in the back_yard and journeyed to the back_yard
Alice: did she place the cherries in the hallway
Bob: no, she didn't",does the woman know where the strawberries are?,Yes,TRUE,Context,Variable Swap ,Flip
"Alice: did you leave the corn in the closet
Bob: no, I didn't
Alice: where did you see it
Bob: Chloe said there is a red pantry in the pantry
Alice: how about the green peppers
Bob: they are in the closet
Alice: did Chloe leave the green peppers there
Bob: no, she didn't
Alice: are all of them there
Bob: three green peppers are in the closet
Alice: did Isabella put the strawberries there
Bob: she put them in the closet or the pantry
Alice: where is the pineapple
Bob: it is in the hallway
Alice: are some of the cherries in the closet
Bob: they are all there
Alice: where can I find the pears
Bob: Isabella left them in the back_yard and journeyed to the back_yard
Alice: did she place the cherries in the hallway
Bob: no, she didn't","does the woman know where the strawberries 
are?",No,TRUE,Context,Quantifier change,Invarianat
"Alice: did you leave the corn in the closet
Bob: no, I didn't
Alice: where did you see it
Bob: Chloe said there is a red pantry in the pantry
Alice: how about the green peppers
Bob: they are in the closet
Alice: did Chloe leave the green peppers there
Bob: no, she didn't
Alice: are some of them there
Bob: five green peppers are in the closet
Alice: did Isabella put the strawberries there
Bob: she put them in the closet or the pantry
Alice: where is the pineapple
Bob: it is in the hallway
Alice: are some of the cherries in the closet
Bob: they are all there
Alice: where can I find the pears
Bob: Isabella left them in the back_yard and journeyed to the back_yard
Alice: did she place the cherries in the hallway
Bob: no, she didn't","does the woman know where the strawberries 
are?",No,TRUE,Context,Quantity Change,Invarianat
"Alice: did you leave the corn in the closet
Bob: no, I didn't
Alice: where did you see it
Bob: Chloe said there is a red pantry in the pantry
Alice: how about the green peppers
Bob: they are in the closet
Alice: did Isabella leave the green peppers there
Bob: no, she didn't
Alice: are some of them there
Bob: three green peppers are in the closet
Alice: did Chloe put the strawberries there
Bob: she put them in the closet or the pantry
Alice: where is the pineapple
Bob: it is in the hallway
Alice: are some of the cherries in the closet
Bob: they are all there
Alice: where can I find the pears
Bob: Isabella left them in the back_yard and journeyed to the back_yard
Alice: did she place the cherries in the hallway
Bob: no, she didn't","does the woman know where the strawberries 
are?",No,TRUE,Context,Variable Swap,Invarianat
"Alice: did you leave the corn in the closet
Bob: no, I didn't
Alice: where did you see it
Bob: Chloe said there is a red pantry in the pantry
Alice: how about the green peppers
Bob: they are in the closet
Alice: did Chloe leave the green peppers there
Bob: no, she didn't
Alice: are some of them there
Bob: three green peppers are in the closet
Alice: did Isabella put the strawberries there
Bob: she put them in the closet or the pantry
Alice: where is the pineapple
Bob: it is in the hallway
Alice: are all of the cherries in the closet
Bob: they are all there
Alice: where can I find the pears
Bob: Isabella left them in the back_yard and journeyed to the back_yard
Alice: did she place the cherries in the hallway
Bob: no, she didn't","does the woman know where the strawberries 
are?",No,TRUE,Context,Quantifier change,Invarianat
"Alice: did you see the apples
Bob: Ethan left them in the crawlspace and walked to the garden
Alice: are some of them in the crawlspace
Bob: four are in the crawlspace
Alice: are some of the corns there
Bob: all of them are in the crawlspace
Alice: did Ethan place them in the crawlspace
Bob: he placed them there and journeyed to the staircase
Alice: did you place the potatoes there
Bob: no, I didn't
Alice: did Jayden place them in the crawlspace
Bob: he placed them in the garden
Alice: where was he
Bob: I know he didn't went to the garden
Alice: where can I find the pear
Bob: Jackson said there is a red suitcase in the garden
Alice: where did you go
Bob: I walked to the garden
Alice: are all of the plums in the staircase
Bob: Ethan said he saw some there",are some of the plums in the staircase?,Yes,FALSE,None,-,-
"Alice: did you see the apples
Bob: Ethan left them in the crawlspace and walked to the garden
Alice: are some of them in the crawlspace
Bob: four are in the crawlspace
Alice: are some of the corns there
Bob: all of them are in the crawlspace
Alice: did Ethan place them in the crawlspace
Bob: he placed them there and journeyed to the staircase
Alice: did you place the potatoes there
Bob: no, I didn't
Alice: did Jayden place them in the crawlspace
Bob: he placed them in the garden
Alice: where was he
Bob: I know he didn't went to the garden
Alice: where can I find the pear
Bob: Jackson said there is a red suitcase in the garden
Alice: where did you go
Bob: I walked to the garden
Alice: are some of the plums in the staircase
Bob: Ethan said he saw some there",are some of the plums in the staircase?,Yes,TRUE,Context,Quantifier change,Invarianat
"Alice: did you see the apples
Bob: Ethan left them in the crawlspace and walked to the garden
Alice: are some of them in the crawlspace
Bob: four are in the crawlspace
Alice: are some of the corns there
Bob: all of them are in the crawlspace
Alice: did Ethan place them in the crawlspace
Bob: he placed them there and journeyed to the staircase
Alice: did you place the potatoes there
Bob: no, I didn't
Alice: did Jayden place them in the crawlspace
Bob: he placed them in the garden
Alice: where was he
Bob: I know he didn't went to the garden
Alice: where can I find the pear
Bob: Ethan said there is a red suitcase in the garden
Alice: where did you go
Bob: I walked to the garden
Alice: are all of the plums in the staircase
Bob: Jackson said he saw some there",are some of the plums in the staircase?,Yes,TRUE,Context,Variable Swap ,Invarianat
"Alice: did you see the apples
Bob: Ethan left them in the crawlspace and walked to the garden
Alice: are some of them in the crawlspace
Bob: four are in the crawlspace
Alice: are all of the corns there
Bob: all of them are in the crawlspace
Alice: did Ethan place them in the crawlspace
Bob: he placed them there and journeyed to the staircase
Alice: did you place the potatoes there
Bob: no, I didn't
Alice: did Jayden place them in the crawlspace
Bob: he placed them in the garden
Alice: where was he
Bob: I know he didn't went to the garden
Alice: where can I find the pear
Bob: Jackson said there is a red suitcase in the garden
Alice: where did you go
Bob: I walked to the garden
Alice: are all of the plums in the staircase
Bob: Ethan said he saw some there",are some of the plums in the staircase?,Yes,TRUE,Context,Quantifier change,Invarianat
"Alice: did you see the apples
Bob: Ethan left them in the crawlspace and walked to the garden
Alice: are some of them in the crawlspace
Bob: four are in the crawlspace
Alice: are some of the corns there
Bob: some of them are in the crawlspace
Alice: did Ethan place them in the crawlspace
Bob: he placed them there and journeyed to the staircase
Alice: did you place the potatoes there
Bob: no, I didn't
Alice: did Jayden place them in the crawlspace
Bob: he placed them in the garden
Alice: where was he
Bob: I know he didn't went to the garden
Alice: where can I find the pear
Bob: Jackson said there is a red suitcase in the garden
Alice: where did you go
Bob: I walked to the garden
Alice: are all of the plums in the staircase
Bob: Ethan said he saw some there",are some of the plums in the staircase?,Yes,TRUE,Context,Quantifier change,Invarianat
"Alice: did you see the apples
Bob: Ethan left them in the crawlspace and walked to the garden
Alice: are some of them in the crawlspace
Bob: four are in the crawlspace
Alice: are some of the corns there
Bob: all of them are in the crawlspace
Alice: did Ethan place them in the crawlspace
Bob: he placed them there and journeyed to the staircase
Alice: did you place the potatoes there
Bob: no, I didn't
Alice: did Jayden place them in the crawlspace
Bob: he placed them in the garden
Alice: where was he
Bob: I know he didn't went to the garden
Alice: where can I find the pear
Bob: Jackson said there is a red suitcase in the garden
Alice: where did you go
Bob: I walked to the garden
Alice: are all of the plums in the staircase
Bob: Ethan said he saw some there",are all of the plums in the staircase?,No,TRUE,Question,Quantifier change,Flip
"Alice: did you see the apples
Bob: Ethan left them in the crawlspace and walked to the garden
Alice: are some of them in the crawlspace
Bob: four are in the crawlspace
Alice: are some of the plums there
Bob: all of them are in the crawlspace
Alice: did Ethan place them in the crawlspace
Bob: he placed them there and journeyed to the staircase
Alice: did you place the potatoes there
Bob: no, I didn't
Alice: did Jayden place them in the crawlspace
Bob: he placed them in the garden
Alice: where was he
Bob: I know he didn't went to the garden
Alice: where can I find the pear
Bob: Jackson said there is a red suitcase in the garden
Alice: where did you go
Bob: I walked to the garden
Alice: are all of the corns in the staircase
Bob: Ethan said he saw some there",are some of the plums in the staircase?,No,TRUE,Context,Variable Swap,Flip
"Alice: did you see the apples
Bob: Ethan left them in the crawlspace and walked to the garden
Alice: are some of them in the crawlspace
Bob: five are in the crawlspace
Alice: are some of the corns there
Bob: all of them are in the crawlspace
Alice: did Ethan place them in the crawlspace
Bob: he placed them there and journeyed to the staircase
Alice: did you place the potatoes there
Bob: no, I didn't
Alice: did Jayden place them in the crawlspace
Bob: he placed them in the garden
Alice: where was he
Bob: I know he didn't went to the garden
Alice: where can I find the pear
Bob: Jackson said there is a red suitcase in the garden
Alice: where did you go
Bob: I walked to the garden
Alice: are all of the plums in the staircase
Bob: Ethan said he saw some there",are some of the plums in the staircase?,Yes,TRUE,Context,Quantity Change,Invarianat
"Alice: did you see the apples
Bob: Ethan left them in the crawlspace and walked to the garden
Alice: are some of them in the crawlspace
Bob: four are in the crawlspace
Alice: are some of the corns there
Bob: all of them are in the crawlspace
Alice: did Ethan place them in the crawlspace
Bob: he placed them there and journeyed to the staircase
Alice: did you place the potatoes there
Bob: no, I didn't
Alice: did Jayden place them in the crawlspace
Bob: he placed them in the garden
Alice: where was he
Bob: I know he didn't went to the garden
Alice: where can I find the pear
Bob: Jackson said there is a red suitcase in the garden
Alice: where did you go
Bob: I walked to the garden
Alice: are all the plums in the staircase
Bob: Ethan said he saw some there",does the woman know how many are the apples?,Yes,FALSE ,None,-,-
"Alice: did you see the apples
Bob: Ethan left them in the crawlspace and walked to the garden
Alice: are some of them in the crawlspace
Bob: three are in the crawlspace
Alice: are some of the corns there
Bob: all of them are in the crawlspace
Alice: did Ethan place them in the crawlspace
Bob: he placed them there and journeyed to the staircase
Alice: did you place the potatoes there
Bob: no, I didn't
Alice: did Jayden place them in the crawlspace
Bob: he placed them in the garden
Alice: where was he
Bob: I know he didn't went to the garden
Alice: where can I find the pear
Bob: Jackson said there is a red suitcase in the garden
Alice: where did you go
Bob: I walked to the garden
Alice: are all the plums in the staircase
Bob: Ethan said he saw some there",does the woman know how many are the apples?,Yes,TRUE,Context,Quanity Change,Invarianat
"Alice: did you see the apples
Bob: Ethan left them in the crawlspace and walked to the garden
Alice: are some of them in the crawlspace
Bob: four are in the crawlspace
Alice: are some of the corns there
Bob: all of them are in the crawlspace
Alice: did Ethan place them in the crawlspace
Bob: he placed them there and journeyed to the staircase
Alice: did you place the potatoes there
Bob: no, I didn't
Alice: did Jayden place them in the crawlspace
Bob: he placed them in the garden
Alice: where was he
Bob: I know he didn't went to the garden
Alice: where can I find the pear
Bob: Jackson said there is a red suitcase in the garden
Alice: where did you go
Bob: I walked to the garden
Alice: are all the plums in the staircase
Bob: Ethan said he saw some there",does the woman know how many are the pears?,No,TRUE,Question,Variable Substitution,Flip
"Alice: did you see the apples
Bob: Ethan left them in the crawlspace and walked to the garden
Alice: are some of them in the crawlspace
Bob: four are in the crawlspace
Alice: are some of the plums there
Bob: all of them are in the crawlspace
Alice: did Ethan place them in the crawlspace
Bob: he placed them there and journeyed to the staircase
Alice: did you place the potatoes there
Bob: no, I didn't
Alice: did Jayden place them in the crawlspace
Bob: he placed them in the garden
Alice: where was he
Bob: I know he didn't went to the garden
Alice: where can I find the pear
Bob: Jackson said there is a red suitcase in the garden
Alice: where did you go
Bob: I walked to the garden
Alice: are all the corns in the staircase
Bob: Ethan said he saw some there",does the woman know how many are the apples?,Yes,TRUE,Context,Variable Swap,Invarianat
"Alice: did you see the corns
Bob: Ethan left them in the crawlspace and walked to the garden
Alice: are some of them in the crawlspace
Bob: four are in the crawlspace
Alice: are some of the apples there
Bob: all of them are in the crawlspace
Alice: did Ethan place them in the crawlspace
Bob: he placed them there and journeyed to the staircase
Alice: did you place the potatoes there
Bob: no, I didn't
Alice: did Jayden place them in the crawlspace
Bob: he placed them in the garden
Alice: where was he
Bob: I know he didn't went to the garden
Alice: where can I find the pear
Bob: Jackson said there is a red suitcase in the garden
Alice: where did you go
Bob: I walked to the garden
Alice: are all the plums in the staircase
Bob: Ethan said he saw some there",does the woman know how many are the apples?,No,TRUE,Context,Variable Swap,Flip
"Alice: did you see the apples
Bob: Jackson left them in the crawlspace and walked to the garden
Alice: are some of them in the crawlspace
Bob: four are in the crawlspace
Alice: are some of the corns there
Bob: all of them are in the crawlspace
Alice: did Ethan place them in the crawlspace
Bob: he placed them there and journeyed to the staircase
Alice: did you place the potatoes there
Bob: no, I didn't
Alice: did Jayden place them in the crawlspace
Bob: he placed them in the garden
Alice: where was he
Bob: I know he didn't went to the garden
Alice: where can I find the pear
Bob: Ethan said there is a red suitcase in the garden
Alice: where did you go
Bob: I walked to the garden
Alice: are all the plums in the staircase
Bob: Ethan said he saw some there",does the woman know how many are the apples?,Yes,TRUE,Context,Variable Swap,Invarianat
"Alice: did Avery place the broccolis in the dining_room
Bob: she placed them there and walked to the study
Alice: where can I find the pineapple
Bob: it is in the study or the patio
Alice: where can I get the lettuce
Bob: the lettuce is in the dining_room or the pantry
Alice: what about the persimmons
Bob: Lily said there is a red bathtub in the patio
Alice: are some of them in the patio
Bob: Lily said she left three of the persimmons there
Alice: where were you
Bob: I went to the dining_room and the pantry
Alice: did you see the cabbage
Bob: Avery said she put the cabbage in the dining_room and went to the pantry
Alice: are some of the broccolis in the dining_room
Bob: yes, some of them are there
Alice: are some of the cherries in the patio
Bob: all of them are in the patio
Alice: are some of the pumpkins in the study
Bob: Avery said she put four there",is the woman sure about where the persimmons are?,Yes,FALSE,None,-,-
"Alice: did Avery place the broccolis in the dining_room
Bob: she placed them there and walked to the study
Alice: where can I find the pineapple
Bob: it is in the study or the patio
Alice: where can I get the lettuce
Bob: the lettuce is in the dining_room or the pantry
Alice: what about the persimmons
Bob: Lily said there is a red bathtub in the patio
Alice: are some of them in the patio
Bob: Lily said she left three of the persimmons there
Alice: where were you
Bob: I went to the dining_room and the pantry
Alice: did you see the cabbage
Bob: Avery said she put the cabbage in the dining_room and went to the pantry
Alice: are some of the broccolis in the dining_room
Bob: yes, some of them are there
Alice: are some of the cherries in the patio
Bob: all of them are in the patio
Alice: are some of the pumpkins in the study
Bob: Avery said she put four there",is the woman sure about where the broccolis are?,Yes,TRUE,Question,Variable Substitution,Invarianat
"Alice: did Avery place the broccolis in the dining_room
Bob: she placed them there and walked to the study
Alice: where can I find the pineapple
Bob: it is in the study or the patio
Alice: where can I get the lettuce
Bob: the lettuce is in the dining_room or the pantry
Alice: what about the persimmons
Bob: Lily said there is a red bathtub in the patio
Alice: are some of them in the patio
Bob: Lily said she left four of the persimmons there
Alice: where were you
Bob: I went to the dining_room and the pantry
Alice: did you see the cabbage
Bob: Avery said she put the cabbage in the dining_room and went to the pantry
Alice: are some of the broccolis in the dining_room
Bob: yes, some of them are there
Alice: are some of the cherries in the patio
Bob: all of them are in the patio
Alice: are some of the pumpkins in the study
Bob: Avery said she put four there",is the woman sure about where the persimmons are?,Yes,TRUE,Context,Quantity Change,Invarianat
"Alice: did Avery place the broccolis in the dining_room
Bob: she placed them there and walked to the study
Alice: where can I find the pineapple
Bob: it is in the study or the patio
Alice: where can I get the lettuce
Bob: the lettuce is in the dining_room or the patio
Alice: what about the persimmons
Bob: Lily said there is a red bathtub in the pantry
Alice: are some of them in the patio
Bob: Lily said she left three of the persimmons there
Alice: where were you
Bob: I went to the dining_room and the pantry
Alice: did you see the cabbage
Bob: Avery said she put the cabbage in the dining_room and went to the pantry
Alice: are some of the broccolis in the dining_room
Bob: yes, some of them are there
Alice: are some of the cherries in the patio
Bob: all of them are in the patio
Alice: are some of the pumpkins in the study
Bob: Avery said she put four there",is the woman sure about where the persimmons are?,Yes,TRUE,Context,Variable Swap,Invarianat
"Alice: did Avery place the broccolis in the dining_room
Bob: she placed them there and walked to the study
Alice: where can I find the pineapple
Bob: it is in the study or the patio
Alice: where can I get the lettuce
Bob: the lettuce is in the dining_room or the pantry
Alice: what about the persimmons
Bob: Lily said there is a red bathtub in the patio
Alice: are all of them in the patio
Bob: Lily said she left three of the persimmons there
Alice: where were you
Bob: I went to the dining_room and the pantry
Alice: did you see the cabbage
Bob: Avery said she put the cabbage in the dining_room and went to the pantry
Alice: are some of the broccolis in the dining_room
Bob: yes, some of them are there
Alice: are some of the cherries in the patio
Bob: all of them are in the patio
Alice: are some of the pumpkins in the study
Bob: Avery said she put four there",is the woman sure about where the persimmons are?,Yes,TRUE,Context,Quantifier change,Invarianat
"Alice: did Avery place the broccolis in the dining_room
Bob: she placed them there and walked to the study
Alice: where can I find the pineapple
Bob: it is in the study or the patio
Alice: where can I get the lettuce
Bob: the lettuce is in the dining_room or the pantry
Alice: what about the persimmons
Bob: Lily said there is a red bathtub in the patio
Alice: are some of them in the patio
Bob: Lily said she left three of the persimmons there
Alice: where were you
Bob: I went to the dining_room and the pantry
Alice: did you see the cabbage
Bob: Avery said she put the cabbage in the dining_room and went to the pantry
Alice: are some of the broccolis in the dining_room
Bob: yes, some of them are there
Alice: are some of the cherries in the patio
Bob: all of them are in the patio
Alice: are some of the pumpkins in the study
Bob: Avery said she put four there",is the woman sure about where the lettuce are?,Yes,TRUE,Question,Variable Substitution ,Flip
"Alice: did Amelia put the radishes in the master_bedroom
Bob: she put the radishes and the peas there
Alice: did you see the strawberries
Bob: Amelia left them in the hallway and travelled to the office
Alice: are all of them in the hallway
Bob: some are in the hallway
Alice: did Oliver put the eggplants there
Bob: he put them there and travelled to the front_yard
Alice: were you there
Bob: I was not there
Alice: how many peas are in the master_bedroom
Bob: there are two or three
Alice: where are the pears
Bob: Benjamin said there is a blue envelope in the office
Alice: what about the oranges
Bob: Oliver said there is a red envelope in the front_yard
Alice: did Amelia put them there
Bob: no
Alice: where can I get the plum
Bob: I'm not sure",is the woman sure about who put the oranges the front_yard?,Yes,FALSE,None,-,-
"Alice: did Amelia put the radishes in the master_bedroom
Bob: she put the radishes and the peas there
Alice: did you see the strawberries
Bob: Amelia left them in the hallway and travelled to the office
Alice: are all of them in the hallway
Bob: some are in the hallway
Alice: did Oliver put the eggplants there
Bob: he put them there and travelled to the front_yard
Alice: were you there
Bob: I was not there
Alice: how many peas are in the master_bedroom
Bob: there are two or three
Alice: where are the pears
Bob: Oliver said there is a blue envelope in the office
Alice: what about the oranges
Bob: Benjamin said there is a red envelope in the front_yard
Alice: did Amelia put them there
Bob: no
Alice: where can I get the plum
Bob: I'm not sure",is the woman sure about who put the oranges the front_yard?,Yes,TRUE,Context,Variable Swap,Invarianat
"Alice: did Amelia put the radishes in the master_bedroom
Bob: she put the radishes and the peas there
Alice: did you see the strawberries
Bob: Amelia left them in the hallway and travelled to the office
Alice: are all of them in the hallway
Bob: some are in the hallway
Alice: did Oliver put the eggplants there
Bob: he put them there and travelled to the front_yard
Alice: were you there
Bob: I was not there
Alice: how many peas are in the master_bedroom
Bob: there are two or three
Alice: where are the plums
Bob: Benjamin said there is a blue envelope in the office
Alice: what about the oranges
Bob: Oliver said there is a red envelope in the front_yard
Alice: did Amelia put them there
Bob: no
Alice: where can I get the pears
Bob: I'm not sure",is the woman sure about who put the oranges the front_yard?,Yes,TRUE,Context,Variable Swap,Invarianat
"Alice: did Amelia put the radishes in the master_bedroom
Bob: she put the radishes and the peas there
Alice: did you see the strawberries
Bob: Amelia left them in the hallway and travelled to the office
Alice: are all of them in the hallway
Bob: some are in the hallway
Alice: did Oliver put the eggplants there
Bob: he put them there and travelled to the front_yard
Alice: were you there
Bob: I was not there
Alice: how many peas are in the master_bedroom
Bob: there are two or three
Alice: where are the pears
Bob: Benjamin said there is a blue envelope in the office
Alice: what about the oranges
Bob: Oliver said there is a red envelope in the front_yard
Alice: did Amelia put them there
Bob: no
Alice: where can I get the plum
Bob: I'm not sure",is the woman sure about who put the eggplants the front_yard?,Yes,TRUE,Question,Variable Substitution,Invarianat
"Alice: did Amelia put the radishes in the master_bedroom
Bob: she put the radishes and the peas there
Alice: did you see the strawberries
Bob: Amelia left them in the hallway and travelled to the office
Alice: are all of them in the hallway
Bob: some are not in the hallway
Alice: did Oliver put the eggplants there
Bob: he put them there and travelled to the front_yard
Alice: were you there
Bob: I was not there
Alice: how many peas are in the master_bedroom
Bob: there are two or three
Alice: where are the pears
Bob: Benjamin said there is a blue envelope in the office
Alice: what about the oranges
Bob: Oliver said there is a red envelope in the front_yard
Alice: did Amelia put them there
Bob: no
Alice: where can I get the plum
Bob: I'm not sure",is the woman sure about who put the oranges the front_yard?,Yes,TRUE,Context,Negation,Invarianat
"Alice: did Amelia put the radishes in the master_bedroom
Bob: she put the radishes and the peas there
Alice: did you see the strawberries
Bob: Amelia left them in the hallway and travelled to the office
Alice: are some of them in the hallway
Bob: some are in the hallway
Alice: did Oliver put the eggplants there
Bob: he put them there and travelled to the front_yard
Alice: were you there
Bob: I was not there
Alice: how many peas are in the master_bedroom
Bob: there are two or three
Alice: where are the pears
Bob: Benjamin said there is a blue envelope in the office
Alice: what about the oranges
Bob: Oliver said there is a red envelope in the front_yard
Alice: did Amelia put them there
Bob: no
Alice: where can I get the plum
Bob: I'm not sure",is the woman sure about who put the oranges the front_yard?,Yes,TRUE,Context,Quantifier change,Invarianat
"Alice: did Amelia put the radishes in the master_bedroom
Bob: she put the radishes and the peas there
Alice: did you see the strawberries
Bob: Amelia left them in the hallway and travelled to the front_yard
Alice: are all of them in the hallway
Bob: some are in the hallway
Alice: did Oliver put the eggplants there
Bob: he put them there and travelled to the office
Alice: were you there
Bob: I was not there
Alice: how many peas are in the master_bedroom
Bob: there are two or three
Alice: where are the pears
Bob: Benjamin said there is a blue envelope in the office
Alice: what about the oranges
Bob: Oliver said there is a red envelope in the front_yard
Alice: did Amelia put them there
Bob: no
Alice: where can I get the plum
Bob: I'm not sure",is the woman sure about who put the oranges the front_yard?,Yes,TRUE,Context,Variable Swap,Invarianat
"Alice: did Amelia put the radishes in the master_bedroom
Bob: she put the radishes and the peas there
Alice: did you see the strawberries
Bob: Amelia left them in the hallway and travelled to the office
Alice: are all of them in the hallway
Bob: all are in the hallway
Alice: did Oliver put the eggplants there
Bob: he put them there and travelled to the front_yard
Alice: were you there
Bob: I was not there
Alice: how many peas are in the master_bedroom
Bob: there are two or three
Alice: where are the pears
Bob: Benjamin said there is a blue envelope in the office
Alice: what about the oranges
Bob: Oliver said there is a red envelope in the front_yard
Alice: did Amelia put them there
Bob: no
Alice: where can I get the plum
Bob: I'm not sure",is the woman sure about who put the oranges the front_yard?,Yes,TRUE,Context,Quantifier change,Invarianat
"Alice: did Amelia put the radishes in the master_bedroom
Bob: she put the radishes and the peas there
Alice: did you see the strawberries
Bob: Amelia left them in the hallway and travelled to the office
Alice: are all of them in the hallway
Bob: some are in the hallway
Alice: did Oliver put the eggplants there
Bob: he put them there and travelled to the front_yard
Alice: were you there
Bob: I was not there
Alice: how many peas are in the master_bedroom
Bob: there are two or three
Alice: where are the pears
Bob: Benjamin said there is a red envelope in the office
Alice: what about the oranges
Bob: Oliver said there is a blue envelope in the front_yard
Alice: did Amelia put them there
Bob: No
Alice: where can I get the plum
Bob: I'm not sure",is the woman sure about who put the oranges the front_yard?,Yes,TRUE,Context,Variable Swap,Invarianat
"Alice: are all the beans in the patio
Bob: some are in the patio
Alice: did Owen put them in the dining_room
Bob: he put them in the patio
Alice: did you leave the persimmons there
Bob: I left them in the lounge
Alice: did you go to the patio
Bob: I returned to the lounge
Alice: how many carrots are in the dining_room
Bob: four or five
Alice: are some of the cherries there
Bob: five cherries are in the dining_room
Alice: where are the cabbages
Bob: the cabbages are in the back_yard
Alice: did Owen place the cabbages there
Bob: he placed them there and walked to the patio
Alice: how many
Bob: there are at least one there
Alice: did Owen put the eggplants there
Bob: he put them in the lounge or the back_yard",does the woman know where the cherries are?,Yes,FALSE ,None,-,-
"Alice: are all the beans in the patio
Bob: some are in the patio
Alice: did Owen put them in the dining_room
Bob: he put them in the patio
Alice: did you leave the persimmons there
Bob: I left them in the lounge
Alice: did you go to the patio
Bob: I returned to the lounge
Alice: how many carrots are in the dining_room
Bob: four or five
Alice: are some of the cherries there
Bob: four cherries are in the dining_room
Alice: where are the cabbages
Bob: the cabbages are in the back_yard
Alice: did Owen place the cabbages there
Bob: he placed them there and walked to the patio
Alice: how many
Bob: there are at least one there
Alice: did Owen put the eggplants there
Bob: he put them in the lounge or the back_yard",does the woman know where the cherries are?,Yes,TRUE,Context,Quantity Change,Invarianat
"Alice: are all the beans in the patio
Bob: some are in the patio
Alice: did Owen put them in the dining_room
Bob: he put them in the patio
Alice: did you leave the persimmons there
Bob: I left them in the lounge
Alice: did you go to the patio
Bob: I returned to the lounge
Alice: how many carrots are in the dining_room
Bob: four or five
Alice: are some of the cherries there
Bob: five cherries are in the back_yard
Alice: where are the cabbages
Bob: the cabbages are in the dining_room
Alice: did Owen place the cabbages there
Bob: he placed them there and walked to the patio
Alice: how many
Bob: there are at least one there
Alice: did Owen put the eggplants there
Bob: he put them in the lounge or the back_yard",does the woman know where the cherries are?,Yes,TRUE,Context,Variable Swap,Invarianat
"Alice: are all the beans in the patio
Bob: some are in the patio
Alice: did Owen put them in the dining_room
Bob: he put them in the patio
Alice: did you leave the persimmons there
Bob: I left them in the lounge
Alice: did you go to the patio
Bob: I returned to the lounge
Alice: how many carrots are in the dining_room
Bob: four or five
Alice: are some of the cherries there
Bob: five cherries are in the dining_room
Alice: where are the cabbages
Bob: the cabbages are in the back_yard
Alice: did Owen place the cabbages there
Bob: he placed them there and walked to the patio
Alice: how many
Bob: there are at least one there
Alice: did Owen put the eggplants there
Bob: he put them in the lounge or the back_yard",does the woman know where the carrots are?,Yes,TRUE,Question,Variable Substitution,Invarianat
"Alice: are all the beans in the patio
Bob: some are in the patio
Alice: did Owen put them in the dining_room
Bob: he put them in the patio
Alice: did you leave the persimmons there
Bob: I left them in the lounge
Alice: did you go to the patio
Bob: I returned to the lounge
Alice: how many carrots are in the dining_room
Bob: four or five
Alice: are some of the cherries there
Bob: five cherries are in the dining_room
Alice: where are the cabbages
Bob: the cabbages are not in the back_yard
Alice: did Owen place the cabbages there
Bob: he placed them there and walked to the patio
Alice: how many
Bob: there are at least one there
Alice: did Owen put the eggplants there
Bob: he put them in the lounge or the back_yard",does the woman know where the cherries are?,Yes,TRUE,Context,Negation,Invarianat
"Alice: are all the beans in the patio
Bob: some are in the patio
Alice: did Owen put them in the dining_room
Bob: he put them in the patio
Alice: did you leave the persimmons there
Bob: I left them in the lounge
Alice: did you go to the patio
Bob: I returned to the lounge
Alice: how many carrots are in the dining_room
Bob: four or five
Alice: are some of the cherries there
Bob: five cherries are in the dining_room
Alice: where are the cabbages
Bob: the cabbages are in the back_yard
Alice: did Owen place the cabbages there
Bob: he placed them there and walked to the patio
Alice: how many
Bob: there are at least one there
Alice: did Owen put the eggplants there
Bob: he put them in the lounge or the back_yard",does the woman know where the eggplants are?,No,TRUE,Question,Variable Substitution ,Flip
"Alice: are all the beans in the patio
Bob: some are in the patio
Alice: did Owen put them in the dining_room
Bob: he put them in the patio
Alice: did you leave the persimmons there
Bob: I left them in the lounge
Alice: did you go to the patio
Bob: I returned to the lounge
Alice: how many carrots are in the dining_room
Bob: four or five
Alice: are all of the cherries there
Bob: five cherries are in the dining_room
Alice: where are the cabbages
Bob: the cabbages are in the back_yard
Alice: did Owen place the cabbages there
Bob: he placed them there and walked to the patio
Alice: how many
Bob: there are at least one there
Alice: did Owen put the eggplants there
Bob: he put them in the lounge or the back_yard",does the woman know where the cherries are?,Yes,TRUE,Context,Quantifier change,Invarianat
"Alice: did Mia put the persimmons in the sunroom
Bob: I didn't see her
Alice: did she leave the broccoli in the sunroom
Bob: no, she didn't
Alice: what about Logan
Bob: no, he didn't
Alice: did you place it in the dining_room
Bob: I was in the pantry
Alice: how can I find Logan
Bob: I know he didn't went to the pantry
Alice: where was he
Bob: he was in the dining_room
Alice: where can I find the onion
Bob: Logan and I put it in the dining_room
Alice: did Mia leave the broccoli in the sunroom
Bob: she left it in the sunroom or the pantry
Alice: did she put the pears in the sunroom
Bob: she put them in the dining_room or the sunroom
Alice: did Logan put the peas there
Bob: he put them in the sunroom or the laundry",does the woman know where the onion is?,Yes,FALSE,None,-,-
"Alice: did Mia put the onion in the sunroom
Bob: I didn't see her
Alice: did she leave the broccoli in the sunroom
Bob: no, she didn't
Alice: what about Logan
Bob: no, he didn't
Alice: did you place it in the dining_room
Bob: I was in the pantry
Alice: how can I find Logan
Bob: I know he didn't went to the pantry
Alice: where was he
Bob: he was in the dining_room
Alice: where can I find the persimmons
Bob: Logan and I put it in the dining_room
Alice: did Mia leave the broccoli in the sunroom
Bob: she left it in the sunroom or the pantry
Alice: did she put the pears in the sunroom
Bob: she put them in the dining_room or the sunroom
Alice: did Logan put the peas there
Bob: he put them in the sunroom or the laundry",does the woman know where the onion is?,No,TRUE,Context,Variable Swap,Flip
"Alice: did Mia put the persimmons in the sunroom
Bob: I didn't see her
Alice: did she leave the broccoli in the sunroom
Bob: no, she didn't
Alice: what about Logan
Bob: no, he didn't
Alice: did you place it in the dining_room
Bob: I was in the pantry
Alice: how can I find Logan
Bob: I know he didn't went to the pantry
Alice: where was he
Bob: he was in the dining_room
Alice: where can I find the onion
Bob: Logan and I put it in the dining_room
Alice: did Mia leave the broccoli in the sunroom
Bob: she left it in the sunroom or the pantry
Alice: did she put the pears in the sunroom
Bob: she put them in the dining_room or the sunroom
Alice: did Logan put the peas there
Bob: he put them in the sunroom or the laundry",does the woman know where the peas is?,No,TRUE,Question,Variable Substitution ,Flip
"Alice: did Mia put the persimmons in the sunroom
Bob: I did see her
Alice: did she leave the broccoli in the sunroom
Bob: no, she didn't
Alice: what about Logan
Bob: no, he didn't
Alice: did you place it in the dining_room
Bob: I was in the pantry
Alice: how can I find Logan
Bob: I know he didn't went to the pantry
Alice: where was he
Bob: he was in the dining_room
Alice: where can I find the onion
Bob: Logan and I put it in the dining_room
Alice: did Mia leave the broccoli in the sunroom
Bob: she left it in the sunroom or the pantry
Alice: did she put the pears in the sunroom
Bob: she put them in the dining_room or the sunroom
Alice: did Logan put the peas there
Bob: he put them in the sunroom or the laundry",does the woman know where the onion is?,Yes,TRUE,Context,Negation,Invarianat
"Alice: did Mia put the persimmons in the sunroom
Bob: I didn't see her
Alice: did she leave the broccoli in the sunroom
Bob: no, she didn't
Alice: what about Logan
Bob: no, he didn't
Alice: did you place it in the dining_room
Bob: I was in the pantry
Alice: how can I find Logan
Bob: I know he didn't went to the pantry
Alice: where was he
Bob: he was in the dining_room
Alice: where can I find the onion
Bob: Logan and I put it in the dining_room
Alice: did Mia leave the broccoli in the sunroom
Bob: she left it in the sunroom or the pantry
Alice: did she put the pears in the sunroom
Bob: she put them in the laundry or the sunroom
Alice: did Logan put the peas there
Bob: he put them in the sunroom or the dining_room",does the woman know where the onion is?,Yes,TRUE,Context,Variable Swap,Invarianat
"Alice: where are the potatoes
Bob: they are in the crawlspace or the front_yard
Alice: where can I get the sweet potatoes
Bob: Carter and I left them in the crawlspace
Alice: how many are in the crawlspace
Bob: two or three
Alice: how can I find Isabella
Bob: she walked to the bathroom and the workshop
Alice: where can I find the pears
Bob: the pears are in the workshop
Alice: what about the grapefruits
Bob: there is a green bathtub in the front_yard
Alice: how about the strawberries
Bob: Isabella and I left the strawberries in the workshop
Alice: how many are in the workshop
Bob: four or five
Alice: how many pears are there
Bob: I have no idea
Alice: did you place them in the front_yard
Bob: no, I didn't",is the woman sure about how many are the sweet potatoes?,No,FALSE ,None,-,-
"Alice: where are the potatoes
Bob: they are in the crawlspace or the front_yard
Alice: where can I get the sweet potatoes
Bob: Carter and I left them in the crawlspace
Alice: how many are in the crawlspace
Bob: four or three
Alice: how can I find Isabella
Bob: she walked to the bathroom and the workshop
Alice: where can I find the pears
Bob: the pears are in the workshop
Alice: what about the grapefruits
Bob: there is a green bathtub in the front_yard
Alice: how about the strawberries
Bob: Isabella and I left the strawberries in the workshop
Alice: how many are in the workshop
Bob: four or five
Alice: how many pears are there
Bob: I have no idea
Alice: did you place them in the front_yard
Bob: no, I didn't",is the woman sure about how many are the sweet potatoes?,No,TRUE,Context,Quantity Change,Invarianat
"Alice: where are the potatoes
Bob: they are in the crawlspace or the front_yard
Alice: where can I get the sweet potatoes
Bob: Carter and I left them in the crawlspace
Alice: how many are in the crawlspace
Bob: two or three
Alice: how can I find Isabella
Bob: she walked to the bathroom and the workshop
Alice: where can I find the pears
Bob: the pears are in the workshop
Alice: what about the grapefruits
Bob: there is a green bathtub in the front_yard
Alice: how about the strawberries
Bob: Isabella and I left the strawberries in the workshop
Alice: how many are in the workshop
Bob: four or five
Alice: how many pears are there
Bob: I have no idea
Alice: did you place them in the front_yard
Bob: no, I didn't",is the woman sure about how many are the strawberries?,No,TRUE,Question,Variable Substitution ,Invarianat
"Alice: where are the potatoes
Bob: they are in the crawlspace or the bathroom
Alice: where can I get the sweet potatoes
Bob: Carter and I left them in the crawlspace
Alice: how many are in the crawlspace
Bob: two or three
Alice: how can I find Isabella
Bob: she walked to the front_yard and the workshop
Alice: where can I find the pears
Bob: the pears are in the workshop
Alice: what about the grapefruits
Bob: there is a green bathtub in the front_yard
Alice: how about the strawberries
Bob: Isabella and I left the strawberries in the workshop
Alice: how many are in the workshop
Bob: four or five
Alice: how many pears are there
Bob: I have no idea
Alice: did you place them in the front_yard
Bob: no, I didn't",is the woman sure about how many are the sweet potatoes?,No,TRUE,Context,Variable Swap,Invarianat
"Alice: did you leave the grapes in the den
Bob: I left them in the bedroom
Alice: did you put the sweet potato in the dining_room
Bob: no, I didn't
Alice: are some of the beans in the bedroom
Bob: two beans are in the bedroom
Alice: did you go to the basement
Bob: I journeyed to the den
Alice: how many pineapples are in the dining_room
Bob: there are four or five
Alice: did Avery put them there
Bob: she put them there and journeyed to the basement
Alice: did she leave the potato in the dining_room
Bob: no
Alice: did you place the radishes in the basement
Bob: no
Alice: did Oliver put the radishes there
Bob: no, he didn't
Alice: did you place the beans there
Bob: I placed them in the bedroom",is the woman sure about who put the grapes the bedroom?,Yes,FALSE,None,-,-
"Alice: did you leave the grapes in the den
Bob: I left them in the bedroom
Alice: did you put the sweet potato in the dining_room
Bob: no, I didn't
Alice: are some of the beans in the bedroom
Bob: two beans are in the bedroom
Alice: did you go to the basement
Bob: I journeyed to the den
Alice: how many pineapples are in the dining_room
Bob: there are four or five
Alice: did Avery put them there
Bob: she put them there and journeyed to the basement
Alice: did she leave the potato in the dining_room
Bob: no
Alice: did you place the radishes in the basement
Bob: no
Alice: did Oliver put the radishes there
Bob: no, he didn't
Alice: did you place the beans there
Bob: I placed them in the bedroom",is the woman sure about who put the beans the bedroom?,Yes,TRUE,Question,Variable Substitution,Invarianat
"Alice: did you leave the grapes in the den
Bob: I left them in the bedroom
Alice: did you put the sweet potato in the dining_room
Bob: no, I didn't
Alice: are some of the beans in the bedroom
Bob: two beans are in the bedroom
Alice: did you go to the basement
Bob: I journeyed to the den
Alice: how many pineapples are in the dining_room
Bob: there are four or five
Alice: did Avery put them there
Bob: she put them there and journeyed to the basement
Alice: did she leave the potato in the dining_room
Bob: Yes
Alice: did you place the radishes in the basement
Bob: no
Alice: did Oliver put the radishes there
Bob: no, he didn't
Alice: did you place the beans there
Bob: I placed them in the bedroom",is the woman sure about who put the grapes the bedroom?,Yes,TRUE,Context,Negation,Invarianat
"Alice: did you leave the grapes in the den
Bob: I left them in the bedroom
Alice: did you put the sweet potato in the dining_room
Bob: no, I didn't
Alice: are some of the beans in the bedroom
Bob: two beans are in the bedroom
Alice: did you go to the basement
Bob: I journeyed to the den
Alice: how many pineapples are in the dining_room
Bob: there are four or five
Alice: did Avery put them there
Bob: she put them there and journeyed to the basement
Alice: did she leave the potato in the dining_room
Bob: no
Alice: did you place the radishes in the basement
Bob: Yes
Alice: did Oliver put the radishes there
Bob: no, he didn't
Alice: did you place the beans there
Bob: I placed them in the bedroom",is the woman sure about who put the grapes the bedroom?,Yes,TRUE,Context,Negation,Invarianat
"Alice: did you leave the beans in the den
Bob: I left them in the bedroom
Alice: did you put the sweet potato in the dining_room
Bob: no, I didn't
Alice: are some of the beans in the bedroom
Bob: two beans are in the bedroom
Alice: did you go to the basement
Bob: I journeyed to the den
Alice: how many pineapples are in the dining_room
Bob: there are four or five
Alice: did Avery put them there
Bob: she put them there and journeyed to the basement
Alice: did she leave the potato in the dining_room
Bob: no
Alice: did you place the radishes in the basement
Bob: no
Alice: did Oliver put the radishes there
Bob: no, he didn't
Alice: did you place the grapes there
Bob: I placed them in the bedroom",is the woman sure about who put the grapes the bedroom?,Yes,TRUE,Context,Variable Swap,Invarianat
"Alice: did you leave the grapes in the den
Bob: Oliver left them in the bedroom
Alice: did you put the sweet potato in the dining_room
Bob: no, I didn't
Alice: are some of the beans in the bedroom
Bob: two beans are in the bedroom
Alice: did you go to the basement
Bob: I journeyed to the den
Alice: how many pineapples are in the dining_room
Bob: there are four or five
Alice: did Avery put them there
Bob: she put them there and journeyed to the basement
Alice: did she leave the potato in the dining_room
Bob: no
Alice: did you place the radishes in the basement
Bob: no
Alice: did Oliver put the radishes there
Bob: no, he didn't
Alice: did you place the beans there
Bob: I placed them in the bedroom",is the woman sure about who put the grapes the bedroom?,Yes,TRUE,Context,Variable Substitution,Invarianat
"Alice: did Avery leave the grapes in the den
Bob: I left them in the bedroom
Alice: did you put the sweet potato in the dining_room
Bob: no, I didn't
Alice: are some of the beans in the bedroom
Bob: two beans are in the bedroom
Alice: did you go to the basement
Bob: I journeyed to the den
Alice: how many pineapples are in the dining_room
Bob: there are four or five
Alice: did Avery put them there
Bob: she put them there and journeyed to the basement
Alice: did she leave the potato in the dining_room
Bob: no
Alice: did you place the radishes in the basement
Bob: no
Alice: did Oliver put the radishes there
Bob: no, he didn't
Alice: did you place the beans there
Bob: I placed them in the bedroom",is the woman sure about who put the grapes the bedroom?,Yes,TRUE,Context,Variable Substitution ,Invarianat
"Alice: where can I get the cherries
Bob: they are in the sunroom or the hallway
Alice: how about the corns
Bob: the corns are in the hallway or the sunroom
Alice: how many plums are in the porch
Bob: there are two or three
Alice: where can I find the broccoli
Bob: Abigail left it in the laundry and walked to the porch
Alice: where can I find the turnips
Bob: the turnips are in the laundry or the hallway
Alice: did Sophia leave them in the sunroom
Bob: she left the oranges there
Alice: where are the strawberries
Bob: the strawberries are in the porch or the laundry
Alice: what about the green peppers
Bob: Sophia and I left them in the laundry
Alice: did you leave the corns in the sunroom
Bob: I left the cherries there
Alice: did Sophia leave them in the sunroom
Bob: no",is the woman sure about where the turnips are?,No,FALSE,None,-,-
"Alice: where can I get the cherries
Bob: they are in the sunroom or the hallway
Alice: how about the corns
Bob: the corns are in the hallway or the sunroom
Alice: how many plums are in the porch
Bob: there are two or three
Alice: where can I find the broccoli
Bob: Abigail left it in the laundry and walked to the porch
Alice: where can I find the turnips
Bob: the turnips are in the laundry and the hallway
Alice: did Sophia leave them in the sunroom
Bob: she left the oranges there
Alice: where are the strawberries
Bob: the strawberries are in the porch or the laundry
Alice: what about the green peppers
Bob: Sophia and I left them in the laundry
Alice: did you leave the corns in the sunroom
Bob: I left the cherries there
Alice: did Sophia leave them in the sunroom
Bob: no",is the woman sure about where the turnips are?,Yes,TRUE,Context,"Logical Connective
Change",Flip
"Alice: where can I get the cherries
Bob: they are in the sunroom or the hallway
Alice: how about the corns
Bob: the corns are in the hallway or the sunroom
Alice: how many plums are in the porch
Bob: there are two or three
Alice: where can I find the broccoli
Bob: Abigail left it in the laundry and walked to the porch
Alice: where can I find the turnips
Bob: the turnips are in the laundry or the hallway
Alice: did Sophia leave them in the sunroom
Bob: she left the oranges there
Alice: where are the strawberries
Bob: the strawberries are in the porch or the laundry
Alice: what about the green peppers
Bob: Sophia and I left them in the laundry
Alice: did you leave the corns in the sunroom
Bob: I left the cherries there
Alice: did Sophia leave them in the sunroom
Bob: no",is the woman sure about where the plums are?,Yes,TRUE,Question,Variable Substitution,Flip
"Alice: where can I get the cherries
Bob: they are in the sunroom or the hallway
Alice: how about the corns
Bob: the corns are in the hallway or the sunroom
Alice: how many plums are in the porch
Bob: there are two or three
Alice: where can I find the broccoli
Bob: Abigail left it in the laundry and walked to the porch
Alice: where can I find the turnips
Bob: the turnips are in the laundry or the hallway
Alice: did Sophia leave them in the sunroom
Bob: she left the oranges there
Alice: where are the strawberries
Bob: the strawberries are in the porch or the laundry
Alice: what about the green peppers
Bob: Sophia and I left them in the laundry
Alice: did you leave the corns in the sunroom
Bob: I left the cherries there
Alice: did Sophia leave them in the sunroom
Bob: Yes",is the woman sure about where the turnips are?,No,TRUE,Context,Negation,Invarianat
"Alice: where can I get the cherries
Bob: they are in the sunroom or the hallway
Alice: how about the corns
Bob: the corns are in the hallway or the sunroom
Alice: how many plums are in the porch
Bob: there are two or three
Alice: where can I find the broccoli
Bob: Sophia left it in the laundry and walked to the porch
Alice: where can I find the turnips
Bob: the turnips are in the laundry or the hallway
Alice: did Sophia leave them in the sunroom
Bob: she left the oranges there
Alice: where are the strawberries
Bob: the strawberries are in the porch or the laundry
Alice: what about the green peppers
Bob: Sophia and I left them in the laundry
Alice: did you leave the corns in the sunroom
Bob: I left the cherries there
Alice: did Abigail leave them in the sunroom
Bob: no",is the woman sure about where the turnips are?,No,TRUE,Context,Variable Swap,Invarianat
"Alice: are some of the asparagus in the staircase
Bob: Owen said he left five of them there
Alice: did you go to the pantry
Bob: I returned to the dining_room
Alice: did Hunter place the carrots there
Bob: he said he placed them in the pantry
Alice: are some of them in the pantry
Bob: Hunter said he left two of the carrots there
Alice: where can I get the pineapples
Bob: the pineapples are in the pantry or the laundry
Alice: where can I get the grapefruits
Bob: the grapefruits are in the dining_room
Alice: are some of them there
Bob: I left two of the grapefruits there
Alice: where can I find the turnips
Bob: there is a red pantry in the staircase
Alice: did you leave them in the staircase
Bob: no, I didn't
Alice: did Owen leave them in the staircase
Bob: he left the turnips and the asparagus there",does the woman know where the asparagus are?,Yes,FALSE,None,-,-
"Alice: are some of the asparagus in the staircase
Bob: Owen said he left five of them there
Alice: did you go to the pantry
Bob: I returned to the dining_room
Alice: did Hunter place the carrots there
Bob: he said he placed them in the pantry
Alice: are some of them in the pantry
Bob: Hunter said he left two of the carrots there
Alice: where can I get the pineapples
Bob: the pineapples are in the pantry or the laundry
Alice: where can I get the grapefruits
Bob: the grapefruits are in the dining_room
Alice: are some of them there
Bob: I left two of the grapefruits there
Alice: where can I find the turnips
Bob: there is a red pantry in the staircase
Alice: did you leave them in the staircase
Bob: no, I didn't
Alice: did Owen leave them in the staircase
Bob: he left the turnips and the asparagus there",does the woman know where the pineapples are?,No,TRUE,Question,Variable Substitution,Flip
"Alice: are some of the asparagus in the staircase
Bob: Owen said he left four of them there
Alice: did you go to the pantry
Bob: I returned to the dining_room
Alice: did Hunter place the carrots there
Bob: he said he placed them in the pantry
Alice: are some of them in the pantry
Bob: Hunter said he left two of the carrots there
Alice: where can I get the pineapples
Bob: the pineapples are in the pantry or the laundry
Alice: where can I get the grapefruits
Bob: the grapefruits are in the dining_room
Alice: are some of them there
Bob: I left two of the grapefruits there
Alice: where can I find the turnips
Bob: there is a red pantry in the staircase
Alice: did you leave them in the staircase
Bob: no, I didn't
Alice: did Owen leave them in the staircase
Bob: he left the turnips and the asparagus there",does the woman know where the asparagus are?,Yes,TRUE,Context,Quantity Change,Invarianat
"Alice: are all of the asparagus in the staircase
Bob: Owen said he left five of them there
Alice: did you go to the pantry
Bob: I returned to the dining_room
Alice: did Hunter place the carrots there
Bob: he said he placed them in the pantry
Alice: are some of them in the pantry
Bob: Hunter said he left two of the carrots there
Alice: where can I get the pineapples
Bob: the pineapples are in the pantry or the laundry
Alice: where can I get the grapefruits
Bob: the grapefruits are in the dining_room
Alice: are some of them there
Bob: I left two of the grapefruits there
Alice: where can I find the turnips
Bob: there is a red pantry in the staircase
Alice: did you leave them in the staircase
Bob: no, I didn't
Alice: did Owen leave them in the staircase
Bob: he left the turnips and the asparagus there",does the woman know where the asparagus are?,Yes,TRUE,Context,Quantifier change,Invarianat
"Alice: are some of the asparagus in the staircase
Bob: Hunter said he left five of them there
Alice: did you go to the pantry
Bob: I returned to the dining_room
Alice: did Owen place the carrots there
Bob: he said he placed them in the pantry
Alice: are some of them in the pantry
Bob: Hunter said he left two of the carrots there
Alice: where can I get the pineapples
Bob: the pineapples are in the pantry or the laundry
Alice: where can I get the grapefruits
Bob: the grapefruits are in the dining_room
Alice: are some of them there
Bob: I left two of the grapefruits there
Alice: where can I find the turnips
Bob: there is a red pantry in the staircase
Alice: did you leave them in the staircase
Bob: no, I didn't
Alice: did Owen leave them in the staircase
Bob: he left the turnips and the asparagus there",does the woman know where the asparagus are?,Yes,TRUE,Context,Variable Swap,Invarianat
"Alice: did you see the green peppers
Bob: the green peppers are in the porch or the bedroom
Alice: where was Hannah
Bob: she said she walked to the bedroom
Alice: were you in the porch
Bob: I was in the porch and left the grapefruits
Alice: are some of the grapefruits there
Bob: I left two of the grapefruits there
Alice: where was Elizabeth
Bob: she said she went to the master_bedroom and the crawlspace
Alice: are all the grapes in the crawlspace
Bob: yes, all of them are there
Alice: did you see the peach
Bob: the peach is in the bedroom
Alice: where can I get the pumpkins
Bob: Ethan said there is a green crate in the master_bedroom
Alice: how about the celeries
Bob: Ethan said there is a red box in the master_bedroom
Alice: how about the radishes
Bob: Hannah and I left the radishes in the bedroom",is the woman sure about where the peach is?,Yes,FALSE ,None,-,-
"Alice: did you see the green peppers
Bob: the green peppers are in the porch or the bedroom
Alice: where was Hannah
Bob: she said she walked to the bedroom
Alice: were you in the porch
Bob: I was in the porch and left the grapefruits
Alice: are some of the grapefruits there
Bob: I left two of the grapefruits there
Alice: where was Elizabeth
Bob: she said she went to the master_bedroom and the crawlspace
Alice: are all the grapes in the bedroom
Bob: yes, all of them are there
Alice: did you see the peach
Bob: the peach is in the crawlspace
Alice: where can I get the pumpkins
Bob: Ethan said there is a green crate in the master_bedroom
Alice: how about the celeries
Bob: Ethan said there is a red box in the master_bedroom
Alice: how about the radishes
Bob: Hannah and I left the radishes in the bedroom",is the woman sure about where the peach is?,Yes,TRUE,Context,Variable Swap ,Invarianat
"Alice: did you see the green peppers
Bob: the green peppers are in the porch or the bedroom
Alice: where was Hannah
Bob: she said she walked to the bedroom
Alice: were you in the porch
Bob: I was in the porch and left the grapefruits
Alice: are some of the grapefruits there
Bob: I left two of the grapefruits there
Alice: where was Elizabeth
Bob: she said she went to the master_bedroom and the crawlspace
Alice: are all the grapes in the crawlspace
Bob: yes, all of them are there
Alice: did you see the peach
Bob: the peach is in the bedroom
Alice: where can I get the pumpkins
Bob: Ethan said there is a green crate in the master_bedroom
Alice: how about the celeries
Bob: Ethan said there is a red box in the master_bedroom
Alice: how about the radishes
Bob: Hannah and I left the radishes in the bedroom",is the woman sure about where the green peppers is?,No,TRUE,Question,Variable Substitution,Flip
"Alice: did you see the green peppers
Bob: the green peppers are neither in the porch nor the bedroom
Alice: where was Hannah
Bob: she said she walked to the bedroom
Alice: were you in the porch
Bob: I was in the porch and left the grapefruits
Alice: are some of the grapefruits there
Bob: I left two of the grapefruits there
Alice: where was Elizabeth
Bob: she said she went to the master_bedroom and the crawlspace
Alice: are all the grapes in the crawlspace
Bob: yes, all of them are there
Alice: did you see the peach
Bob: the peach is in the bedroom
Alice: where can I get the pumpkins
Bob: Ethan said there is a green crate in the master_bedroom
Alice: how about the celeries
Bob: Ethan said there is a red box in the master_bedroom
Alice: how about the radishes
Bob: Hannah and I left the radishes in the bedroom",is the woman sure about where the peach is?,Yes,TRUE,Context,Negation,Invarianat
"Alice: did you see the green peppers
Bob: the green peppers are in the porch or the bedroom
Alice: where was Hannah
Bob: she said she walked to the bedroom
Alice: were you in the porch
Bob: I was in the porch and left the grapefruits
Alice: are some of the grapefruits there
Bob: I left four of the grapefruits there
Alice: where was Elizabeth
Bob: she said she went to the master_bedroom and the crawlspace
Alice: are all the grapes in the crawlspace
Bob: yes, all of them are there
Alice: did you see the peach
Bob: the peach is in the bedroom
Alice: where can I get the pumpkins
Bob: Ethan said there is a green crate in the master_bedroom
Alice: how about the celeries
Bob: Ethan said there is a red box in the master_bedroom
Alice: how about the radishes
Bob: Hannah and I left the radishes in the bedroom",is the woman sure about where the peach is?,Yes,TRUE,Context,Quantity Change,Invarianat
"Alice: did you see the green peppers
Bob: the green peppers are in the porch or the bedroom
Alice: where was Hannah
Bob: she said she walked to the bedroom
Alice: were you in the porch
Bob: I was in the porch and left the grapefruits
Alice: are all of the grapefruits there
Bob: I left two of the grapefruits there
Alice: where was Elizabeth
Bob: she said she went to the master_bedroom and the crawlspace
Alice: are all the grapes in the crawlspace
Bob: yes, all of them are there
Alice: did you see the peach
Bob: the peach is in the bedroom
Alice: where can I get the pumpkins
Bob: Ethan said there is a green crate in the master_bedroom
Alice: how about the celeries
Bob: Ethan said there is a red box in the master_bedroom
Alice: how about the radishes
Bob: Hannah and I left the radishes in the bedroom",is the woman sure about where the peach is?,Yes,TRUE,Context,Quantifier change,Invarianat
"Alice: did Owen leave the potato in the attic
Bob: he said he left it in the master_bedroom
Alice: did he leave the turnips in the attic
Bob: no
Alice: where did you see them
Bob: they are in the attic or the living_room
Alice: where can I get the asparagus
Bob: they are in the attic
Alice: did Owen leave the asparagus there
Bob: yes, he did
Alice: where can I get the corns
Bob: they are in the attic or the living_room
Alice: are some of the radishes in the patio
Bob: two radishes are in the patio
Alice: are all the peaches there
Bob: I don't know
Alice: where did you see them
Bob: they are in the patio or the master_bedroom
Alice: what about the sweet potatoes
Bob: Owen said he put the sweet potatoes in the master_bedroom 
and travelled to the master_bedroom",is there any radishes in the patio?,Yes,FALSE,None,-,-
"Alice: did Owen leave the potato in the attic
Bob: he said he left it in the master_bedroom
Alice: did he leave the turnips in the attic
Bob: no
Alice: where did you see them
Bob: they are in the attic or the living_room
Alice: where can I get the asparagus
Bob: they are in the attic
Alice: did Owen leave the asparagus there
Bob: yes, he did
Alice: where can I get the corns
Bob: they are in the attic or the living_room
Alice: are all of the radishes in the patio
Bob: two radishes are in the patio
Alice: are all the peaches there
Bob: I don't know
Alice: where did you see them
Bob: they are in the patio or the master_bedroom
Alice: what about the sweet potatoes
Bob: Owen said he put the sweet potatoes in the master_bedroom 
and travelled to the master_bedroom",is there any radishes in the patio?,Yes,TRUE,Context,Quantifier change,Invarianat
"Alice: did Owen leave the potato in the attic
Bob: he said he left it in the master_bedroom
Alice: did he leave the turnips in the attic
Bob: no
Alice: where did you see them
Bob: they are in the attic or the living_room
Alice: where can I get the asparagus
Bob: they are in the attic
Alice: did Owen leave the asparagus there
Bob: yes, he did
Alice: where can I get the corns
Bob: they are in the attic or the living_room
Alice: are some of the radishes in the patio
Bob: four radishes are in the patio
Alice: are all the peaches there
Bob: I don't know
Alice: where did you see them
Bob: they are in the patio or the master_bedroom
Alice: what about the sweet potatoes
Bob: Owen said he put the sweet potatoes in the master_bedroom 
and travelled to the master_bedroom",is there any radishes in the patio?,Yes,TRUE,Context,Quantity Change,Invarianat
"Alice: did Owen leave the potato in the attic
Bob: he said he left it in the master_bedroom
Alice: did he leave the turnips in the attic
Bob: no
Alice: where did you see them
Bob: they are in the attic or the living_room
Alice: where can I get the asparagus
Bob: they are in the attic
Alice: did Owen leave the asparagus there
Bob: yes, he did
Alice: where can I get the corns
Bob: they are in the attic or the living_room
Alice: are some of the radishes in the patio
Bob: two radishes are in the patio
Alice: are all the peaches there
Bob: I don't know
Alice: where did you see them
Bob: they are in the patio or the master_bedroom
Alice: what about the sweet potatoes
Bob: Owen said he put the sweet potatoes in the master_bedroom 
and travelled to the master_bedroom",is there any peaches in the patio?,No,TRUE,Question,Variable Substitution ,Flip
"Alice: did Owen leave the potato in the attic
Bob: he said he left it in the master_bedroom
Alice: did he leave the turnips in the attic
Bob: Yes
Alice: where did you see them
Bob: they are in the attic or the living_room
Alice: where can I get the asparagus
Bob: they are in the attic
Alice: did Owen leave the asparagus there
Bob: yes, he did
Alice: where can I get the corns
Bob: they are in the attic or the living_room
Alice: are some of the radishes in the patio
Bob: two radishes are in the patio
Alice: are all the peaches there
Bob: I don't know
Alice: where did you see them
Bob: they are in the patio or the master_bedroom
Alice: what about the sweet potatoes
Bob: Owen said he put the sweet potatoes in the master_bedroom 
and travelled to the master_bedroom",is there any radishes in the patio?,Yes,TRUE,Context,Negation,Invarianat
"Alice: did Owen leave the potato in the attic
Bob: he said he left it in the master_bedroom
Alice: did he leave the corns in the attic
Bob: no
Alice: where did you see them
Bob: they are in the attic or the living_room
Alice: where can I get the asparagus
Bob: they are in the attic
Alice: did Owen leave the asparagus there
Bob: yes, he did
Alice: where can I get the turnips
Bob: they are in the attic or the living_room
Alice: are some of the radishes in the patio
Bob: two radishes are in the patio
Alice: are all the peaches there
Bob: I don't know
Alice: where did you see them
Bob: they are in the patio or the master_bedroom
Alice: what about the sweet potatoes
Bob: Owen said he put the sweet potatoes in the master_bedroom 
and travelled to the master_bedroom",is there any radishes in the patio?,Yes,TRUE,Context,Variable Swap,Invarianat
"Alice: did Mia go to the workshop 
Bob: it is likely
Alice: where did you go
Bob: I travelled to the workshop
Alice: did Carter leave the radish there
Bob: I'm not sure
Alice: did you leave the corns there
Bob: I left them in the back_yard
Alice: how many are in the back_yard
Bob: four or five
Alice: are some of the pumpkins in the pantry
Bob: Mia said she saw they were all in the pantry
Alice: where can I find the grapefruits
Bob: the grapefruits are in the back_yard
Alice: how can I find Carter
Bob: he said he was in the den
Alice: are some of the onions in the workshop
Bob: all of them are in the workshop
Alice: are some of the grapefruits in the back_yard
Bob: all of the grapefruits are in the back_yard",does the woman know where the grapefruits are?,Yes,FALSE ,None,-,-
"Alice: did Mia go to the workshop 
Bob: it is likely
Alice: where did you go
Bob: I travelled to the workshop
Alice: did Carter leave the radish there
Bob: I'm not sure
Alice: did you leave the corns there
Bob: I left them in the back_yard
Alice: how many are in the back_yard
Bob: four or five
Alice: are some of the pumpkins in the pantry
Bob: Mia said she saw they were all in the pantry
Alice: where can I find the grapefruits
Bob: the grapefruits are in the back_yard
Alice: how can I find Carter
Bob: he said he was in the den
Alice: are some of the onions in the workshop
Bob: all of them are in the workshop
Alice: are all of the grapefruits in the back_yard
Bob: all of the grapefruits are in the back_yard",does the woman know where the grapefruits are?,Yes,TRUE,Context,Quantifier change,Invarianat
"Alice: did Mia go to the workshop 
Bob: it is likely
Alice: where did you go
Bob: I travelled to the workshop
Alice: did Carter leave the radish there
Bob: I'm not sure
Alice: did you leave the corns there
Bob: I left them in the back_yard
Alice: how many are in the back_yard
Bob: four or five
Alice: are some of the pumpkins in the pantry
Bob: Mia said she saw they were all in the pantry
Alice: where can I find the grapefruits
Bob: the grapefruits are in the back_yard
Alice: how can I find Carter
Bob: he said he was in the den
Alice: are some of the onions in the workshop
Bob: all of them are in the workshop
Alice: are some of the grapefruits in the back_yard
Bob: some of the grapefruits are in the back_yard",does the woman know where the grapefruits are?,Yes,TRUE,Context,Quantifier change,Invarianat
"Alice: did Mia go to the workshop 
Bob: it is likely
Alice: where did you go
Bob: I travelled to the workshop
Alice: did Carter leave the radish there
Bob: I'm not sure
Alice: did you leave the corns there
Bob: I left them in the back_yard
Alice: how many are in the back_yard
Bob: four or five
Alice: are some of the pumpkins in the pantry
Bob: Mia said she saw they were all in the pantry
Alice: where can I find the grapefruits
Bob: the grapefruits are in the back_yard
Alice: how can I find Carter
Bob: he said he was in the den
Alice: are some of the onions in the workshop
Bob: all of them are in the back_yard
Alice: are some of the grapefruits in the workshop
Bob: all of the grapefruits are in the back_yard",does the woman know where the grapefruits are?,Yes,TRUE,Context,Variable Swap,Invarianat
"Alice: did Mia go to the workshop 
Bob: it is likely
Alice: where did you go
Bob: I travelled to the workshop
Alice: did Carter leave the radish there
Bob: I'm not sure
Alice: did you leave the corns there
Bob: I left them in the back_yard
Alice: how many are in the back_yard
Bob: four or five
Alice: are some of the pumpkins in the pantry
Bob: Mia said she saw they were all in the pantry
Alice: where can I find the grapefruits
Bob: the grapefruits are in the back_yard
Alice: how can I find Carter
Bob: he said he was in the den
Alice: are some of the onions in the workshop
Bob: all of them are in the workshop
Alice: are some of the grapefruits in the back_yard
Bob: all of the grapefruits are in the back_yard",does the woman know where the radish are?,No,TRUE,Question,Variable Substitution,Flip
"Alice: were you in the den
Bob: I returned to the hall
Alice: are some of the asparagus there
Bob: two are in the hall
Alice: did you place the asparagus there
Bob: Yes
Alice: did you leave the celeries there
Bob: no
Alice: did Jayden put them in the hall
Bob: he said he was in the den
Alice: did you place them there
Bob: no
Alice: did Aria go there
Bob: she travelled to the garage
Alice: where can I get the peas
Bob: there is a green treasure chest in the garage
Alice: did Aria put the peas there
Bob: yes, she did
Alice: are some of the peas there
Bob: Aria said she put all of them there",is the woman sure about who put the asparagus the hall?,Yes,FALSE,None,-,-
"Alice: were you in the den
Bob: I returned to the hall
Alice: are all of the asparagus there
Bob: two are in the hall
Alice: did you place the asparagus there
Bob: Yes
Alice: did you leave the celeries there
Bob: no
Alice: did Jayden put them in the hall
Bob: he said he was in the den
Alice: did you place them there
Bob: no
Alice: did Aria go there
Bob: she travelled to the garage
Alice: where can I get the peas
Bob: there is a green treasure chest in the garage
Alice: did Aria put the peas there
Bob: yes, she did
Alice: are some of the peas there
Bob: Aria said she put all of them there",is the woman sure about who put the asparagus the hall?,Yes,TRUE,Context,Quantifier change,Invarianat
"Alice: were you in the den
Bob: I returned to the hall
Alice: are some of the asparagus there
Bob: four are in the hall
Alice: did you place the asparagus there
Bob: Yes
Alice: did you leave the celeries there
Bob: no
Alice: did Jayden put them in the hall
Bob: he said he was in the den
Alice: did you place them there
Bob: no
Alice: did Aria go there
Bob: she travelled to the garage
Alice: where can I get the peas
Bob: there is a green treasure chest in the garage
Alice: did Aria put the peas there
Bob: yes, she did
Alice: are some of the peas there
Bob: Aria said she put all of them there",is the woman sure about who put the asparagus the hall?,Yes,TRUE,Context,Quantity Change,Invarianat
"Alice: were you in the den
Bob: I returned to the hall
Alice: are some of the asparagus there
Bob: two are in the hall
Alice: did you place the asparagus there
Bob: No
Alice: did you leave the celeries there
Bob: no
Alice: did Jayden put them in the hall
Bob: he said he was in the den
Alice: did you place them there
Bob: no
Alice: did Aria go there
Bob: she travelled to the garage
Alice: where can I get the peas
Bob: there is a green treasure chest in the garage
Alice: did Aria put the peas there
Bob: yes, she did
Alice: are some of the peas there
Bob: Aria said she put all of them there",is the woman sure about who put the asparagus the hall?,No,TRUE,Context,Negation,Flip
"Alice: were you in the den
Bob: I returned to the hall
Alice: are some of the asparagus there
Bob: two are in the hall
Alice: did you place the asparagus there
Bob: Yes
Alice: did you leave the celeries there
Bob: no
Alice: did Jayden put them in the hall
Bob: he said he was in the den
Alice: did you place them there
Bob: no
Alice: did Aria go there
Bob: she travelled to the garage
Alice: where can I get the peas
Bob: there is a green treasure chest in the garage
Alice: did Aria put the peas there
Bob: yes, she did
Alice: are some of the peas there
Bob: Aria said she put all of them there",is the woman sure about who put the celeries the hall?,No,TRUE,Question,Variable Substitution,Flip
"Alice: were you in the den
Bob: I returned to the hall
Alice: are some of the asparagus there
Bob: two are in the hall
Alice: did you place the celeries there
Bob: Yes
Alice: did you leave the asparagus there
Bob: no
Alice: did Jayden put them in the hall
Bob: he said he was in the den
Alice: did you place them there
Bob: no
Alice: did Aria go there
Bob: she travelled to the garage
Alice: where can I get the peas
Bob: there is a green treasure chest in the garage
Alice: did Aria put the peas there
Bob: yes, she did
Alice: are some of the peas there
Bob: Aria said she put all of them there",is the woman sure about who put the asparagus the hall?,No,TRUE,Context,Variable Swap,Flip
"Alice: was Chloe in the laundry
Bob: Chloe was in the laundry if not in the garage
Alice: did you leave the corns in the garden
Bob: no
Alice: did Chloe leave the corns there
Bob: no
Alice: where did you see them
Bob: I have no idea
Alice: did Lucas put them in the garage
Bob: he put them there and journeyed to the laundry
Alice: where can I find the strawberries
Bob: there is a blue cupboard in the laundry
Alice: how about the potato
Bob: Chloe put the potato in the garden and journeyed to the garden
Alice: where did you go
Bob: I travelled to the sunroom and the garden
Alice: did Chloe put the cabbage there
Bob: she put it in the garage if not the garden
Alice: are some of the peaches in the laundry
Bob: Lucas said he put three of the peaches there",did Lucas put the peaches in the laundry?,Yes,FALSE,None,-,-
"Alice: was Chloe in the laundry
Bob: Chloe was in the laundry if not in the garage
Alice: did you leave the corns in the garden
Bob: no
Alice: did Chloe leave the corns there
Bob: no
Alice: where did you see them
Bob: I have no idea
Alice: did Lucas put them in the garage
Bob: he put them there and journeyed to the laundry
Alice: where can I find the strawberries
Bob: there is a blue cupboard in the laundry
Alice: how about the potato
Bob: Chloe put the potato in the garden and journeyed to the garden
Alice: where did you go
Bob: I travelled to the sunroom and the garden
Alice: did Chloe put the cabbage there
Bob: she put it in the garage if not the garden
Alice: are some of the peaches in the laundry
Bob: Lucas said he put five of the peaches there",did Lucas put the peaches in the laundry?,Yes,TRUE,Context,Quantity Change,Invarianat
"Alice: was Chloe in the laundry
Bob: Chloe was in the laundry if not in the garage
Alice: did you leave the corns in the garden
Bob: no
Alice: did Chloe leave the corns there
Bob: no
Alice: where did you see them
Bob: I have no idea
Alice: did Lucas put them in the garage
Bob: he put them there and journeyed to the laundry
Alice: where can I find the strawberries
Bob: there is a blue cupboard in the laundry
Alice: how about the potato
Bob: Chloe put the potato in the garden and journeyed to the garden
Alice: where did you go
Bob: I travelled to the sunroom and the garden
Alice: did Chloe put the cabbage there
Bob: she put it in the garage if not the garden
Alice: are all of the peaches in the laundry
Bob: Lucas said he put three of the peaches there",did Lucas put the peaches in the laundry?,Yes,TRUE,Context,Quantifier change,Invarianat
"Alice: was Chloe in the laundry
Bob: Chloe was in the laundry if not in the garage
Alice: did you leave the corns in the garden
Bob: no
Alice: did Chloe leave the corns there
Bob: no
Alice: where did you see them
Bob: I have no idea
Alice: did Lucas put them in the garage
Bob: he put them there and journeyed to the laundry
Alice: where can I find the strawberries
Bob: there is a blue cupboard in the laundry
Alice: how about the potato
Bob: Chloe put the potato in the garden and journeyed to the garden
Alice: where did you go
Bob: I travelled to the sunroom and the garden
Alice: did Chloe put the cabbage there
Bob: she put it in the garage if not the garden
Alice: are some of the peaches in the laundry
Bob: Lucas said he put three of the peaches there",did Chloe put the peaches in the laundry?,No,TRUE,Question,Variable Substitution ,Flip
"Alice: was Chloe in the laundry
Bob: Chloe was in the laundry if not in the garage
Alice: did you leave the corns in the garden
Bob: no
Alice: did Chloe leave the corns there
Bob: Yes
Alice: where did you see them
Bob: I have no idea
Alice: did Lucas put them in the garage
Bob: he put them there and journeyed to the laundry
Alice: where can I find the strawberries
Bob: there is a blue cupboard in the laundry
Alice: how about the potato
Bob: Chloe put the potato in the garden and journeyed to the garden
Alice: where did you go
Bob: I travelled to the sunroom and the garden
Alice: did Chloe put the cabbage there
Bob: she put it in the garage if not the garden
Alice: are some of the peaches in the laundry
Bob: Lucas said he put three of the peaches there",did Lucas put the peaches in the laundry?,Yes,TRUE,Context,Negation,Invarianat
"Alice: was Chloe in the laundry
Bob: Chloe was in the laundry if not in the garage
Alice: did you leave the corns in the garden
Bob: no
Alice: did Chloe leave the corns there
Bob: no
Alice: where did you see them
Bob: I have no idea
Alice: did Lucas put them in the garage
Bob: he put them there and journeyed to the laundry
Alice: where can I find the strawberries
Bob: there is a blue cupboard in the laundry
Alice: how about the potato
Bob: Chloe put the potato in the garden and journeyed to the garden
Alice: where did you go
Bob: I travelled to the sunroom and the garden
Alice: did Chloe put the cabbage there
Bob: she put it in the garage if not the garden
Alice: are some of the peaches in the laundry
Bob: Lucas said he put three of the peaches there",did Lucas put the strawberries in the laundry?,No,TRUE,Question,Variable Substitution,Flip
"Alice: where were you
Bob: I was in the hallway
Alice: did Oliver leave the cabbages there
Bob: he left them in the hallway if not the garden
Alice: where can I get the grapefruits
Bob: there is a blue treasure chest in the laundry
Alice: how many are in the laundry
Bob: there are one or two
Alice: did Oliver leave them in the laundry
Bob: no
Alice: did you put them there
Bob: no
Alice: where can I get the peaches
Bob: Aria said there is a blue treasure chest in the laundry
Alice: did you place them in the laundry
Bob: I placed them there and journeyed to the hallway
Alice: how many
Bob: two or three
Alice: did Aria put the asparagus there
Bob: she put them in the kitchen if not the laundry",are the peaches in the hallway?,No,FALSE,None,-,-
"Alice: where were you
Bob: I was in the hallway
Alice: did Oliver leave the cabbages there
Bob: he left them in the hallway if not the garden
Alice: where can I get the grapefruits
Bob: there is a blue treasure chest in the laundry
Alice: how many are in the laundry
Bob: there are one or two
Alice: did Oliver leave them in the laundry
Bob: Yes
Alice: did you put them there
Bob: no
Alice: where can I get the peaches
Bob: Aria said there is a blue treasure chest in the laundry
Alice: did you place them in the laundry
Bob: I placed them there and journeyed to the hallway
Alice: how many
Bob: two or three
Alice: did Aria put the asparagus there
Bob: she put them in the kitchen if not the laundry",are the peaches in the hallway?,No,TRUE,Context,Negation,Invarianat
"Alice: where were you
Bob: I was in the hallway
Alice: did Oliver leave the cabbages there
Bob: he left them in the hallway if not the garden
Alice: where can I get the grapefruits
Bob: there is a blue treasure chest in the laundry
Alice: how many are in the laundry
Bob: there are one or two
Alice: did Oliver leave them in the laundry
Bob: no
Alice: did you put them there
Bob: no
Alice: where can I get the peaches
Bob: Aria said there is a blue treasure chest in the laundry
Alice: did you place them in the laundry
Bob: I placed them there and journeyed to the hallway
Alice: how many
Bob: two or three
Alice: did Aria put the asparagus there
Bob: she put them in the kitchen if not the laundry",are the Cabbages in the hallway?,No,TRUE,Question,Variable Substitution,Invarianat
"Alice: where were you
Bob: I was in the hallway
Alice: did Oliver leave the cabbages there
Bob: he left them in the hallway if not the garden
Alice: where can I get the grapefruits
Bob: there is a blue treasure chest in the laundry
Alice: how many are in the laundry
Bob: there are one or two
Alice: did Oliver leave them in the laundry
Bob: no
Alice: did you put them there
Bob: no
Alice: where can I get the peaches
Bob: Aria said there is a blue treasure chest in the laundry
Alice: did you place them in the laundry
Bob: I placed them in the hallway and journeyed to laundry
Alice: how many
Bob: two or three
Alice: did Aria put the asparagus there
Bob: she put them in the kitchen if not the laundry",are the peaches in the hallway?,Yes,TRUE,Context,Variable Swap,Flip
"Alice: where did you go
Bob: I travelled to the cellar and the master_bedroom
Alice: did Aiden put the peas in the study
Bob: no
Alice: where can I get them
Bob: there is a red envelope in the master_bedroom
Alice: are some of them in the master_bedroom
Bob: I put all of them there
Alice: where was Aiden
Bob: he said he walked to the study
Alice: did Alexander go to the den 
Bob: I have no idea
Alice: did you see the orange
Bob: it is in the study or the master_bedroom
Alice: how about the radishes
Bob: they are in the den
Alice: how about the peaches
Bob: the peaches are in the study or the den
Alice: where is the celery
Bob: Aiden put it in the master_bedroom and journeyed to the 
master_bedroom",does the woman know where the peaches are?,No,FALSE,None,-,-
"Alice: where did you go
Bob: I travelled to the cellar and the master_bedroom
Alice: did Aiden put the peas in the study
Bob: no
Alice: where can I get them
Bob: there is a red envelope in the master_bedroom
Alice: are some of them in the master_bedroom
Bob: I put all of them there
Alice: where was Aiden
Bob: he said he walked to the study
Alice: did Alexander go to the den 
Bob: I have no idea
Alice: did you see the orange
Bob: it is in the study or the den
Alice: how about the radishes
Bob: they are in the den
Alice: how about the peaches
Bob: the peaches are in the study or the master_bedroom
Alice: where is the celery
Bob: Aiden put it in the master_bedroom and journeyed to the 
master_bedroom",does the woman know where the peaches are?,No,TRUE,Context,Variable Swap,Invarianat
"Alice: where did you go
Bob: I travelled to the cellar and the master_bedroom
Alice: did Aiden put the peas in the study
Bob: Yes
Alice: where can I get them
Bob: there is a red envelope in the master_bedroom
Alice: are some of them in the master_bedroom
Bob: I put all of them there
Alice: where was Aiden
Bob: he said he walked to the study
Alice: did Alexander go to the den 
Bob: I have no idea
Alice: did you see the orange
Bob: it is in the study or the master_bedroom
Alice: how about the radishes
Bob: they are in the den
Alice: how about the peaches
Bob: the peaches are in the study or the den
Alice: where is the celery
Bob: Aiden put it in the master_bedroom and journeyed to the 
master_bedroom",does the woman know where the peaches are?,No,TRUE,Context,Negation,Invarianat
"Alice: where did you go
Bob: I travelled to the cellar and the master_bedroom
Alice: did Aiden put the peas in the study
Bob: no
Alice: where can I get them
Bob: there is a red envelope in the master_bedroom
Alice: are some of them in the master_bedroom
Bob: I put all of them there
Alice: where was Aiden
Bob: he said he walked to the study
Alice: did Alexander go to the den 
Bob: I have no idea
Alice: did you see the orange
Bob: it is in the study or the master_bedroom
Alice: how about the radishes
Bob: they are in the den
Alice: how about the peaches
Bob: the peaches are in the study or the den
Alice: where is the celery
Bob: Aiden put it in the master_bedroom and journeyed to the 
master_bedroom",does the woman know where the peas are?,Yes,TRUE,Question,Variable Substitution ,Flip
"Alice: where did you go
Bob: I travelled to the cellar and the master_bedroom
Alice: did Aiden put the peas in the study
Bob: no
Alice: where can I get them
Bob: there is a red envelope in the master_bedroom
Alice: are all of them in the master_bedroom
Bob: I put all of them there
Alice: where was Aiden
Bob: he said he walked to the study
Alice: did Alexander go to the den 
Bob: I have no idea
Alice: did you see the orange
Bob: it is in the study or the master_bedroom
Alice: how about the radishes
Bob: they are in the den
Alice: how about the peaches
Bob: the peaches are in the study or the den
Alice: where is the celery
Bob: Aiden put it in the master_bedroom and journeyed to the 
master_bedroom",does the woman know where the peaches are?,No,TRUE,Context,Quantifier change,Invarianat
"Alice: where did you go
Bob: I travelled to the cellar and the master_bedroom
Alice: did Aiden put the peas in the study
Bob: no
Alice: where can I get them
Bob: there is a red envelope in the master_bedroom
Alice: are some of them in the master_bedroom
Bob: I put some of them there
Alice: where was Aiden
Bob: he said he walked to the study
Alice: did Alexander go to the den 
Bob: I have no idea
Alice: did you see the orange
Bob: it is in the study or the master_bedroom
Alice: how about the radishes
Bob: they are in the den
Alice: how about the peaches
Bob: the peaches are in the study or the den
Alice: where is the celery
Bob: Aiden put it in the master_bedroom and journeyed to the 
master_bedroom",does the woman know where the peaches are?,No,TRUE,Context,Quantifier change,Invarianat
"Alice: where did you go
Bob: I travelled to the cellar and the master_bedroom
Alice: did Aiden put the peas in the study
Bob: no
Alice: where can I get them
Bob: there is a red envelope in the master_bedroom
Alice: are some of them in the master_bedroom
Bob: I didn't put all of them there
Alice: where was Aiden
Bob: he said he walked to the study
Alice: did Alexander go to the den 
Bob: I have no idea
Alice: did you see the orange
Bob: it is in the study or the master_bedroom
Alice: how about the radishes
Bob: they are in the den
Alice: how about the peaches
Bob: the peaches are in the study or the den
Alice: where is the celery
Bob: Aiden put it in the master_bedroom and journeyed to the 
master_bedroom",does the woman know where the peaches are?,No,TRUE,Context,Negation,Invarianat
"Alice: where did you go
Bob: I travelled to the cellar and the master_bedroom
Alice: did Aiden put the peas in the study
Bob: no
Alice: where can I get them
Bob: there is a red envelope in the master_bedroom
Alice: are some of them in the master_bedroom
Bob: I put all of them there
Alice: where was Aiden
Bob: he said he walked to the study
Alice: did Alexander go to the den 
Bob: I have no idea
Alice: did you see the orange
Bob: it is in the study or the master_bedroom
Alice: how about the radishes
Bob: they are in the den
Alice: how about the peaches
Bob: the peaches are in the study and the den
Alice: where is the celery
Bob: Aiden put it in the master_bedroom and journeyed to the 
master_bedroom",does the woman know where the peaches are?,Yes,TRUE,Context,"Logical Connective
Change",Flip
"Alice: where did you go
Bob: I travelled to the cellar and the master_bedroom
Alice: did Aiden put the peas in the study
Bob: no
Alice: where can I get them
Bob: there is a red envelope in the master_bedroom
Alice: are some of them in the master_bedroom
Bob: I put all of them there
Alice: where was Aiden
Bob: he said he walked to the study
Alice: did Alexander go to the den 
Bob: I have no idea
Alice: did you see the orange
Bob: it is in the study or the master_bedroom
Alice: how about the radishes
Bob: they are in the den
Alice: how about the peaches
Bob: the peaches are neither in the study nor the den
Alice: where is the celery
Bob: Aiden put it in the master_bedroom and journeyed to the 
master_bedroom",does the woman know where the peaches are?,No,TRUE,Context,Negation,Invarianat
"Alice: how many celeries are in the den
Bob: there are at least three there
Alice: are all the pineapples in the basement
Bob: some are in the basement
Alice: did Noah place them there
Bob: he placed them there and went to the living_room
Alice: where can I find the onion
Bob: I left it in the living_room and went to the patio
Alice: how about the peaches
Bob: I'm not sure
Alice: where can I find the asparagus
Bob: they are in the patio or the basement
Alice: are some of the corns in the patio
Bob: I put all of the corns there
Alice: did you see the persimmon
Bob: there is a blue pantry in the basement
Alice: did Aiden place it there
Bob: no, he didn't
Alice: where is the turnip
Bob: I have no idea",is the persimmon in the patio?,No,FALSE,None,-,-
"Alice: how many celeries are in the den
Bob: there are at least three there
Alice: are all the pineapples in the basement
Bob: some are in the basement
Alice: did Noah place them there
Bob: he placed them there and went to the living_room
Alice: where can I find the onion
Bob: I left it in the living_room and went to the patio
Alice: how about the peaches
Bob: I'm not sure
Alice: where can I find the asparagus
Bob: they are in the patio or the basement
Alice: are some of the corns in the patio
Bob: I put all of the persimmon there
Alice: did you see the corns
Bob: there is a blue pantry in the basement
Alice: did Aiden place it there
Bob: no, he didn't
Alice: where is the turnip
Bob: I have no idea",is the persimmon in the patio?,Yes,TRUE,Context,Variable Swap ,Flip
"Alice: how many celeries are in the den
Bob: there are at least three there
Alice: are all the pineapples in the basement
Bob: some are in the basement
Alice: did Noah place them there
Bob: he placed them there and went to the living_room
Alice: where can I find the onion
Bob: I left it in the living_room and went to the patio
Alice: how about the peaches
Bob: I'm not sure
Alice: where can I find the asparagus
Bob: they are in the patio or the basement
Alice: are some of the corns in the patio
Bob: I put all of the corns there
Alice: did you see the persimmon
Bob: there is a blue pantry in the basement
Alice: did Aiden place it there
Bob: no, he didn't
Alice: where is the turnip
Bob: I have no idea",is the corns in the patio?,Yes,TRUE,Question,Variable Substitution ,Flip
"Alice: how many celeries are in the den
Bob: there are at least four there
Alice: are all the pineapples in the basement
Bob: some are in the basement
Alice: did Noah place them there
Bob: he placed them there and went to the living_room
Alice: where can I find the onion
Bob: I left it in the living_room and went to the patio
Alice: how about the peaches
Bob: I'm not sure
Alice: where can I find the asparagus
Bob: they are in the patio or the basement
Alice: are some of the corns in the patio
Bob: I put all of the corns there
Alice: did you see the persimmon
Bob: there is a blue pantry in the basement
Alice: did Aiden place it there
Bob: no, he didn't
Alice: where is the turnip
Bob: I have no idea",is the persimmon in the patio?,No,TRUE,Context,Quantity Change,Invarianat
"Alice: how many celeries are in the den
Bob: there are at least three there
Alice: are all the pineapples in the basement
Bob: all are in the basement
Alice: did Noah place them there
Bob: he placed them there and went to the living_room
Alice: where can I find the onion
Bob: I left it in the living_room and went to the patio
Alice: how about the peaches
Bob: I'm not sure
Alice: where can I find the asparagus
Bob: they are in the patio or the basement
Alice: are some of the corns in the patio
Bob: I put all of the corns there
Alice: did you see the persimmon
Bob: there is a blue pantry in the basement
Alice: did Aiden place it there
Bob: no, he didn't
Alice: where is the turnip
Bob: I have no idea",is the persimmon in the patio?,No,TRUE,Context,Quantifier change,Invarianat
"Alice: how many celeries are in the den
Bob: there are at least three there
Alice: are all the pineapples in the basement
Bob: some are not in the basement
Alice: did Noah place them there
Bob: he placed them there and went to the living_room
Alice: where can I find the onion
Bob: I left it in the living_room and went to the patio
Alice: how about the peaches
Bob: I'm not sure
Alice: where can I find the asparagus
Bob: they are in the patio or the basement
Alice: are some of the corns in the patio
Bob: I put all of the corns there
Alice: did you see the persimmon
Bob: there is a blue pantry in the basement
Alice: did Aiden place it there
Bob: no, he didn't
Alice: where is the turnip
Bob: I have no idea",is the persimmon in the patio?,No,TRUE,Context,Negation,Invarianat
"Alice: did you put the green peppers in the dining_room
Bob: I put them there and went to the garden
Alice: did Sophia leave the onions there
Bob: no, she didn't
Alice: did you place them in the dining_room
Bob: no, I didn't
Alice: where can I get them
Bob: there is a red crate in the master_bedroom
Alice: are some of them in the master_bedroom
Bob: four are there
Alice: where can I get the pears
Bob: there is a blue basket in the garden
Alice: are some of them in the garden
Bob: I put four of the pears there
Alice: where did Chloe go
Bob: she said she journeyed to the dining_room
Alice: did she place the radish in the garden
Bob: she placed it in the dining_room if not the garden
Alice: where can I find the lettuce
Bob: there is a red box in the master_bedroom",are the pears in the master_bedroom?,No,FALSE,None,-,-
"Alice: did you put the green peppers in the dining_room
Bob: I put them there and went to the garden
Alice: did Sophia leave the onions there
Bob: no, she didn't
Alice: did you place them in the dining_room
Bob: no, I didn't
Alice: where can I get them
Bob: there is a red crate in the master_bedroom
Alice: are some of them in the master_bedroom
Bob: four are there
Alice: where can I get the pears
Bob: there is a blue basket in the garden
Alice: are some of them in the garden
Bob: I put four of the pears there
Alice: where did Chloe go
Bob: she said she journeyed to the dining_room
Alice: did she place the radish in the garden
Bob: she placed it in the dining_room if not the garden
Alice: where can I find the lettuce
Bob: there is a red box in the master_bedroom",are the lettuce in the master_bedroom?,Yes,TRUE,Question,Variable Substitution,Flip
"Alice: did you put the green peppers in the dining_room
Bob: I put them there and went to the garden
Alice: did Sophia leave the onions there
Bob: no, she didn't
Alice: did you place them in the dining_room
Bob: no, I didn't
Alice: where can I get them
Bob: there is a red crate in the master_bedroom
Alice: are some of them in the master_bedroom
Bob: four are there
Alice: where can I get the pears
Bob: there is a blue basket in the garden
Alice: are some of them in the master_bedroom
Bob: I put four of the pears there
Alice: where did Chloe go
Bob: she said she journeyed to the dining_room
Alice: did she place the radish in the garden
Bob: she placed it in the dining_room if not the garden
Alice: where can I find the lettuce
Bob: there is a red box in the garden",are the pears in the master_bedroom?,Yes,TRUE,Context,Variable Swap,Flip
"Alice: did you put the green peppers in the dining_room
Bob: I put them there and went to the garden
Alice: did Sophia leave the onions there
Bob: no, she didn't
Alice: did you place them in the dining_room
Bob: no, I didn't
Alice: where can I get them
Bob: there is a red crate in the master_bedroom
Alice: are all of them in the master_bedroom
Bob: four are there
Alice: where can I get the pears
Bob: there is a blue basket in the garden
Alice: are some of them in the garden
Bob: I put four of the pears there
Alice: where did Chloe go
Bob: she said she journeyed to the dining_room
Alice: did she place the radish in the garden
Bob: she placed it in the dining_room if not the garden
Alice: where can I find the lettuce
Bob: there is a red box in the master_bedroom",are the pears in the master_bedroom?,No,TRUE,Context,Quantifier change,Invarianat
"Alice: did you put the green peppers in the dining_room
Bob: I put them there and went to the garden
Alice: did Sophia leave the onions there
Bob: no, she didn't
Alice: did you place them in the dining_room
Bob: no, I didn't
Alice: where can I get them
Bob: there is a red crate in the master_bedroom
Alice: are some of them in the master_bedroom
Bob: three are there
Alice: where can I get the pears
Bob: there is a blue basket in the garden
Alice: are some of them in the garden
Bob: I put four of the pears there
Alice: where did Chloe go
Bob: she said she journeyed to the dining_room
Alice: did she place the radish in the garden
Bob: she placed it in the dining_room if not the garden
Alice: where can I find the lettuce
Bob: there is a red box in the master_bedroom",are the pears in the master_bedroom?,No,TRUE,Context,Quantity Change,Invarianat
"Alice: did you put the green peppers in the dining_room
Bob: I put them there and went to the garden
Alice: did Sophia leave the onions there
Bob: no, she didn't
Alice: did you place them in the dining_room
Bob: no, I didn't
Alice: where can I get them
Bob: there is a red crate in the master_bedroom
Alice: are some of them in the master_bedroom
Bob: four are there
Alice: where can I get the pears
Bob: there is a blue basket in the garden
Alice: are some of them in the garden
Bob: I put four of the pears there
Alice: where did Chloe go
Bob: she said she journeyed to the dining_room
Alice: did she place the radish in the garden
Bob: she placed it in the dining_room if not the garden
Alice: where can I find the lettuce
Bob: there is a red box in the master_bedroom",are the pears in the garden?,Yes,TRUE,Question,Variable Substitution,Flip
"Alice: are all the celeries in the hall
Bob: some celeries are in the hall
Alice: did you put them in the porch
Bob: I put them in the hall
Alice: where can I find the grapes
Bob: Nathan said there is a green drawer in the hall
Alice: what about the pears
Bob: Carter said there is a red drawer in the master_bedroom
Alice: did you place them in the master_bedroom
Bob: no, I didn't
Alice: are some of them in the master_bedroom
Bob: Carter said he saw they all there
Alice: where were you
Bob: I was in the porch
Alice: how many plums are there
Bob: there are four or five
Alice: did you see the apples
Bob: the apples are in the porch or the staircase
Alice: did Carter leave them in the hall
Bob: he said he was not in the hall",is the woman sure about where the apples are?,No,FALSE,None,-,-
"Alice: are all the celeries in the hall
Bob: all celeries are in the hall
Alice: did you put them in the porch
Bob: I put them in the hall
Alice: where can I find the grapes
Bob: Nathan said there is a green drawer in the hall
Alice: what about the pears
Bob: Carter said there is a red drawer in the master_bedroom
Alice: did you place them in the master_bedroom
Bob: no, I didn't
Alice: are some of them in the master_bedroom
Bob: Carter said he saw they all there
Alice: where were you
Bob: I was in the porch
Alice: how many plums are there
Bob: there are four or five
Alice: did you see the apples
Bob: the apples are in the porch or the staircase
Alice: did Carter leave them in the hall
Bob: he said he was not in the hall",is the woman sure about where the apples are?,No,TRUE,Context,Quantifier change,Invarianat
"Alice: are all the celeries in the hall
Bob: some celeries are not in the hall
Alice: did you put them in the porch
Bob: I put them in the hall
Alice: where can I find the grapes
Bob: Nathan said there is a green drawer in the hall
Alice: what about the pears
Bob: Carter said there is a red drawer in the master_bedroom
Alice: did you place them in the master_bedroom
Bob: no, I didn't
Alice: are some of them in the master_bedroom
Bob: Carter said he saw they all there
Alice: where were you
Bob: I was in the porch
Alice: how many plums are there
Bob: there are four or five
Alice: did you see the apples
Bob: the apples are in the porch or the staircase
Alice: did Carter leave them in the hall
Bob: he said he was not in the hall",is the woman sure about where the apples are?,No,TRUE,Context,Negation,Invarianat
"Alice: are all the celeries in the hall
Bob: some celeries are in the hall
Alice: did you put them in the porch
Bob: I put them in the hall
Alice: where can I find the grapes
Bob: Nathan said there is a green drawer in the hall
Alice: what about the pears
Bob: Carter said there is a red drawer in the master_bedroom
Alice: did you place them in the master_bedroom
Bob: no, I didn't
Alice: are some of them in the master_bedroom
Bob: Carter said he saw they all there
Alice: where were you
Bob: I was in the porch
Alice: how many plums are there
Bob: there are four or five
Alice: did you see the apples
Bob: the apples are neither in the porch nor the staircase
Alice: did Carter leave them in the hall
Bob: he said he was not in the hall",is the woman sure about where the apples are?,No,TRUE,Context,Negation,Invarianat
"Alice: are all the celeries in the hall
Bob: some celeries are in the hall
Alice: did you put them in the porch
Bob: I put them in the hall
Alice: where can I find the grapes
Bob: Nathan said there is a green drawer in the hall
Alice: what about the pears
Bob: Carter said there is a red drawer in the master_bedroom
Alice: did you place them in the master_bedroom
Bob: no, I didn't
Alice: are some of them in the master_bedroom
Bob: Carter said he saw they all there
Alice: where were you
Bob: I was in the porch
Alice: how many plums are there
Bob: there are four or three
Alice: did you see the apples
Bob: the apples are in the porch or the staircase
Alice: did Carter leave them in the hall
Bob: he said he was not in the hall",is the woman sure about where the apples are?,No,TRUE,Context,Quantity Change,Invarianat
"Alice: are all the celeries in the hall
Bob: some celeries are in the hall
Alice: did you put them in the porch
Bob: I put them in the hall
Alice: where can I find the grapes
Bob: Nathan said there is a green drawer in the hall
Alice: what about the pears
Bob: Carter said there is a red drawer in the master_bedroom
Alice: did you place them in the master_bedroom
Bob: no, I didn't
Alice: are some of them in the master_bedroom
Bob: Carter said he saw they all there
Alice: where were you
Bob: I was in the porch
Alice: how many plums are there
Bob: there are four or five
Alice: did you see the apples
Bob: the apples are in the porch or the staircase
Alice: did Carter leave them in the hall
Bob: he said he was not in the hall",is the woman sure about where the pears are?,Yes,TRUE,Question,Variable Substitution ,Flip
"Alice: did Nathan place the plums in the crawlspace
Bob: I didn't see him
Alice: where were you
Bob: I travelled to the crawlspace
Alice: how many cherries are in the sunroom
Bob: there are two or three
Alice: was Noah there
Bob: yes
Alice: are some of the green peppers in the attic
Bob: I'm not sure
Alice: how many pineapples are in the bathroom
Bob: there are two or three
Alice: did you place the pineapples there
Bob: I placed them there and walked to the crawlspace
Alice: did Nathan put the grapefruits there
Bob: he was not there
Alice: did Noah put them there
Bob: he put the plums there
Alice: where can I get the sweet potato
Bob: I left it in the attic and travelled to the crawlspace",are the plums in the bathroom?,Yes,FALSE,None,-,-
"Alice: did Nathan place the plums in the crawlspace
Bob: I didn't see him
Alice: where were you
Bob: I travelled to the crawlspace
Alice: how many cherries are in the sunroom
Bob: there are two or three
Alice: was Noah there
Bob: No
Alice: are some of the green peppers in the attic
Bob: I'm not sure
Alice: how many pineapples are in the bathroom
Bob: there are two or three
Alice: did you place the pineapples there
Bob: I placed them there and walked to the crawlspace
Alice: did Nathan put the grapefruits there
Bob: he was not there
Alice: did Noah put them there
Bob: he put the plums there
Alice: where can I get the sweet potato
Bob: I left it in the attic and travelled to the crawlspace",are the plums in the bathroom?,Yes,TRUE,Context,Negation,Invarianat
"Alice: did Nathan place the plums in the crawlspace
Bob: I didn't see him
Alice: where were you
Bob: I travelled to the crawlspace
Alice: how many cherries are in the sunroom
Bob: there are two or three
Alice: was Noah there
Bob: yes
Alice: are some of the green peppers in the attic
Bob: I'm not sure
Alice: how many pineapples are in the bathroom
Bob: there are two or three
Alice: did you place the pineapples there
Bob: I placed them there and walked to the crawlspace
Alice: did Nathan put the plums there
Bob: he was not there
Alice: did Noah put them there
Bob: he put the grapefruits there
Alice: where can I get the sweet potato
Bob: I left it in the attic and travelled to the crawlspace",are the plums in the bathroom?,No,TRUE,Context,Variable Swap,Flip
"Alice: did Nathan place the plums in the crawlspace
Bob: I didn't see him
Alice: where were you
Bob: I travelled to the crawlspace
Alice: how many cherries are in the sunroom
Bob: there are four or three
Alice: was Noah there
Bob: yes
Alice: are some of the green peppers in the attic
Bob: I'm not sure
Alice: how many pineapples are in the bathroom
Bob: there are two or three
Alice: did you place the pineapples there
Bob: I placed them there and walked to the crawlspace
Alice: did Nathan put the grapefruits there
Bob: he was not there
Alice: did Noah put them there
Bob: he put the plums there
Alice: where can I get the sweet potato
Bob: I left it in the attic and travelled to the crawlspace",are the plums in the bathroom?,Yes,TRUE,Context,Quantity Change,Invarianat
"Alice: did Nathan place the plums in the crawlspace
Bob: I didn't see him
Alice: where were you
Bob: I travelled to the crawlspace
Alice: how many cherries are in the sunroom
Bob: there are two or three
Alice: was Noah there
Bob: yes
Alice: are some of the green peppers in the attic
Bob: I'm not sure
Alice: how many pineapples are in the bathroom
Bob: there are two or three
Alice: did you place the pineapples there
Bob: I placed them there and walked to the crawlspace
Alice: did Nathan put the grapefruits there
Bob: he was not there
Alice: did Noah put them there
Bob: he put the plums there
Alice: where can I get the sweet potato
Bob: I left it in the attic and travelled to the crawlspace",are the grapefruits in the bathroom?,No,TRUE,Question,Variable Substitution ,Flip
"Alice: where can I get the celery
Bob: I left the celery in the living_room and journeyed to the 
crawlspace
Alice: where are the strawberries
Bob: they are in the patio
Alice: are all the strawberries there
Bob: Nathan said he saw some strawberries in the patio
Alice: are some of the cabbages in the lounge
Bob: three cabbages are in the lounge
Alice: where can I find the peas
Bob: I'm not sure
Alice: was Aiden in the lounge
Bob: yes
Alice: where are the asparagus
Bob: the asparagus are in the living_room
Alice: what about the plum
Bob: Hunter said there is a red container in the crawlspace
Alice: where are the potatoes
Bob: they are in the crawlspace
Alice: did Nathan put them in the crawlspace
Bob: he put them there and walked to the patio",are the asparagus in the lounge?,No,FALSE,None,-,-
"Alice: where can I get the celery
Bob: I left the celery in the living_room and journeyed to the 
crawlspace
Alice: where are the strawberries
Bob: they are in the patio
Alice: are all the strawberries there
Bob: Nathan said he saw some strawberries in the patio
Alice: are some of the cabbages in the living_room
Bob: three cabbages are in the lounge
Alice: where can I find the peas
Bob: I'm not sure
Alice: was Aiden in the lounge
Bob: yes
Alice: where are the asparagus
Bob: the asparagus are in the lounge
Alice: what about the plum
Bob: Hunter said there is a red container in the crawlspace
Alice: where are the potatoes
Bob: they are in the crawlspace
Alice: did Nathan put them in the crawlspace
Bob: he put them there and walked to the patio",are the asparagus in the lounge?,Yes,TRUE,Context,Variable Swap,Flip
"Alice: where can I get the celery
Bob: I left the celery in the living_room and journeyed to the 
crawlspace
Alice: where are the strawberries
Bob: they are in the patio
Alice: are all the strawberries there
Bob: Nathan said he saw some strawberries in the patio
Alice: are some of the cabbages in the lounge
Bob: three cabbages are in the lounge
Alice: where can I find the peas
Bob: I'm not sure
Alice: was Aiden in the lounge
Bob: No
Alice: where are the asparagus
Bob: the asparagus are in the living_room
Alice: what about the plum
Bob: Hunter said there is a red container in the crawlspace
Alice: where are the potatoes
Bob: they are in the crawlspace
Alice: did Nathan put them in the crawlspace
Bob: he put them there and walked to the patio",are the asparagus in the lounge?,No,TRUE,Context,Negation,Invarianat
"Alice: where can I get the celery
Bob: I left the celery in the living_room and journeyed to the 
crawlspace
Alice: where are the strawberries
Bob: they are in the patio
Alice: are all the strawberries there
Bob: Nathan said he saw some strawberries in the patio
Alice: are some of the cabbages in the lounge
Bob: four cabbages are in the lounge
Alice: where can I find the peas
Bob: I'm not sure
Alice: was Aiden in the lounge
Bob: yes
Alice: where are the asparagus
Bob: the asparagus are in the living_room
Alice: what about the plum
Bob: Hunter said there is a red container in the crawlspace
Alice: where are the potatoes
Bob: they are in the crawlspace
Alice: did Nathan put them in the crawlspace
Bob: he put them there and walked to the patio",are the asparagus in the lounge?,No,TRUE,Context,Quantity Change,Invarianat
"Alice: where can I get the celery
Bob: I left the celery in the living_room and journeyed to the 
crawlspace
Alice: where are the strawberries
Bob: they are in the patio
Alice: are all the strawberries there
Bob: Nathan said he saw some strawberries in the patio
Alice: are some of the cabbages in the lounge
Bob: three cabbages are in the lounge
Alice: where can I find the peas
Bob: I'm not sure
Alice: was Aiden in the lounge
Bob: yes
Alice: where are the asparagus
Bob: the asparagus are in the living_room
Alice: what about the plum
Bob: Hunter said there is a red container in the crawlspace
Alice: where are the potatoes
Bob: they are in the crawlspace
Alice: did Nathan put them in the crawlspace
Bob: he put them there and walked to the patio",are the cabbages in the lounge?,Yes,TRUE,Question,Variable Substitution ,Flip
"Alice: did Emily put the pumpkins in the dining_room
Bob: she put them there and walked to the bathroom
Alice: where were you
Bob: I went to the dining_room
Alice: did Logan go to the lounge 
Bob: it is likely
Alice: are some of the eggplants in the bathroom
Bob: all of the eggplants are in the bathroom
Alice: did you leave the eggplants there
Bob: no
Alice: did Emily leave them in the dining_room
Bob: she left the apples there
Alice: did she place the eggplants in the dining_room
Bob: no
Alice: are some of the celeries in the lounge
Bob: yes, some of them are there
Alice: are all the oranges there
Bob: Logan said he saw some in the lounge
Alice: did he leave the oranges in the lounge
Bob: he said he left the oranges and the celeries there",is there any oranges in the lounge?,Yes,FALSE,None,-,-
"Alice: did Emily put the pumpkins in the dining_room
Bob: she put them there and walked to the bathroom
Alice: where were you
Bob: I went to the dining_room
Alice: did Logan go to the lounge 
Bob: it is unlikely
Alice: are some of the eggplants in the bathroom
Bob: all of the eggplants are in the bathroom
Alice: did you leave the eggplants there
Bob: no
Alice: did Emily leave them in the dining_room
Bob: she left the apples there
Alice: did she place the eggplants in the dining_room
Bob: no
Alice: are some of the celeries in the lounge
Bob: yes, some of them are there
Alice: are all the oranges there
Bob: Logan said he saw some in the lounge
Alice: did he leave the oranges in the lounge
Bob: he said he left the oranges and the celeries there",is there any oranges in the lounge?,Yes,TRUE,Context,Negation,Invarianat
"Alice: did Emily put the pumpkins in the dining_room
Bob: she put them there and walked to the bathroom
Alice: where were you
Bob: I went to the dining_room
Alice: did Logan go to the lounge 
Bob: it is likely
Alice: are all of the eggplants in the bathroom
Bob: all of the eggplants are in the bathroom
Alice: did you leave the eggplants there
Bob: no
Alice: did Emily leave them in the dining_room
Bob: she left the apples there
Alice: did she place the eggplants in the dining_room
Bob: no
Alice: are some of the celeries in the lounge
Bob: yes, some of them are there
Alice: are all the oranges there
Bob: Logan said he saw some in the lounge
Alice: did he leave the oranges in the lounge
Bob: he said he left the oranges and the celeries there",is there any oranges in the lounge?,Yes,TRUE,Context,Quantifier change,Invarianat
"Alice: did Emily put the pumpkins in the dining_room
Bob: she put them there and walked to the bathroom
Alice: where were you
Bob: I went to the dining_room
Alice: did Logan go to the lounge 
Bob: it is likely
Alice: are some of the eggplants in the bathroom
Bob: all of the eggplants are not in the bathroom
Alice: did you leave the eggplants there
Bob: no
Alice: did Emily leave them in the dining_room
Bob: she left the apples there
Alice: did she place the eggplants in the dining_room
Bob: no
Alice: are some of the celeries in the lounge
Bob: yes, some of them are there
Alice: are all the oranges there
Bob: Logan said he saw some in the lounge
Alice: did he leave the oranges in the lounge
Bob: he said he left the oranges and the celeries there",is there any oranges in the lounge?,Yes,TRUE,Context,Negation,Invarianat
"Alice: did Emily put the pumpkins in the dining_room
Bob: she put them there and walked to the bathroom
Alice: where were you
Bob: I went to the dining_room
Alice: did Logan go to the lounge 
Bob: it is likely
Alice: are some of the eggplants in the bathroom
Bob: all of the eggplants are in the bathroom
Alice: did you leave the eggplants there
Bob: Yes
Alice: did Emily leave them in the dining_room
Bob: she left the apples there
Alice: did she place the eggplants in the dining_room
Bob: no
Alice: are some of the celeries in the lounge
Bob: yes, some of them are there
Alice: are all the oranges there
Bob: Logan said he saw some in the lounge
Alice: did he leave the oranges in the lounge
Bob: he said he left the oranges and the celeries there",is there any oranges in the lounge?,Yes,TRUE,Context,Negation,Invarianat
"Alice: did Emily put the pumpkins in the dining_room
Bob: she put them there and walked to the bathroom
Alice: where were you
Bob: I went to the dining_room
Alice: did Logan go to the lounge 
Bob: it is likely
Alice: are some of the eggplants in the bathroom
Bob: all of the eggplants are in the bathroom
Alice: did you leave the eggplants there
Bob: no
Alice: did Emily leave them in the dining_room
Bob: she left the apples there
Alice: did she place the eggplants in the dining_room
Bob: no
Alice: are some of the celeries in the lounge
Bob: yes, some of them are there
Alice: are all the oranges there
Bob: Logan said he saw some in the lounge
Alice: did he leave the oranges in the lounge
Bob: he said he left the oranges and the celeries there",is there any eggplants in the lounge?,No,TRUE,Question,Variable Substitution,Flip
"Alice: did you put the eggplants in the master_bedroom
Bob: I put them there and journeyed to the kitchen
Alice: did Carter place the pears there
Bob: he placed them in the master_bedroom or the dining_room
Alice: did you place the peas there
Bob: I placed them in the kitchen
Alice: did Carter go there
Bob: he was in the attic
Alice: did Benjamin go there
Bob: he walked to the dining_room
Alice: did he place the grapes in the dining_room
Bob: he placed them in the dining_room if not the kitchen
Alice: did you see the green pepper
Bob: Benjamin said he put the green pepper in the attic and journeyed to the kitchen
Alice: did he put the broccolis in the attic
Bob: I have no idea
Alice: where are they
Bob: there is a red envelope in the attic
Alice: where can I find the onions
Bob: there is a green pantry in the master_bedroom",is the green pepper in the dining_room?,No,FALSE,None,-,-
"Alice: did you put the eggplants in the master_bedroom
Bob: I put them there and journeyed to the kitchen
Alice: did Carter place the pears there
Bob: he placed them in the master_bedroom or the dining_room
Alice: did you place the peas there
Bob: I placed them in the kitchen
Alice: did Carter go there
Bob: he was in the attic
Alice: did Benjamin go there
Bob: he walked to the dining_room
Alice: did he place the grapes in the attic
Bob: he placed them in the dining_room if not the kitchen
Alice: did you see the green pepper
Bob: Benjamin said he put the green pepper in the dining_room and 
journeyed to the kitchen
Alice: did he put the broccolis in the attic
Bob: I have no idea
Alice: where are they
Bob: there is a red envelope in the attic
Alice: where can I find the onions
Bob: there is a green pantry in the master_bedroom",is the green pepper in the dining_room?,Yes,TRUE,Context,Variable Swap,Flip
"Alice: did you put the eggplants in the master_bedroom
Bob: I put them there and journeyed to the kitchen
Alice: did Carter place the pears there
Bob: he placed them in the master_bedroom or the dining_room
Alice: did you place the peas there
Bob: I placed them in the kitchen
Alice: did Carter go there
Bob: he was in the attic
Alice: did Benjamin go there
Bob: he walked to the dining_room
Alice: did he place the grapes in the dining_room
Bob: he placed them in the dining_room if not the kitchen
Alice: did you see the green pepper
Bob: Benjamin said he put the green pepper in the attic and journeyed to the kitchen
Alice: did he put the broccolis in the attic
Bob: I have no idea
Alice: where are they
Bob: there is a red envelope in the attic
Alice: where can I find the onions
Bob: there is a green pantry in the master_bedroom",is the green pepper in the attic?,Yes,TRUE,Question,Variable Substitution,Flip
"Alice: did you put the eggplants in the master_bedroom
Bob: I put them there and journeyed to the kitchen
Alice: did Carter place the pears there
Bob: he placed them in the master_bedroom or the dining_room
Alice: did you place the peas there
Bob: I placed them in the kitchen
Alice: did Carter go there
Bob: he was in the attic
Alice: did Benjamin go there
Bob: he walked to the dining_room
Alice: did he place the grapes in the dining_room
Bob: he placed them in the dining_room if not the kitchen
Alice: did you see the green pepper
Bob: Benjamin said he put the green pepper in the attic and journeyed to the kitchen
Alice: did he put the onions in the attic
Bob: I have no idea
Alice: where are they
Bob: there is a red envelope in the attic
Alice: where can I find the broccolis
Bob: there is a green pantry in the master_bedroom",is the green pepper in the dining_room?,No,TRUE,Context,Variable Swap,Invarianat
"Alice: did you put the eggplants in the master_bedroom
Bob: I put them there and journeyed to the kitchen
Alice: did Carter place the pears there
Bob: he placed them in the master_bedroom or the dining_room
Alice: did you place the peas there
Bob: I placed them in the kitchen
Alice: did Benjamin go there
Bob: he was in the attic
Alice: did Carter go there
Bob: he walked to the dining_room
Alice: did he place the grapes in the dining_room
Bob: he placed them in the dining_room if not the kitchen
Alice: did you see the green pepper
Bob: Benjamin said he put the green pepper in the attic and journeyed to the kitchen
Alice: did he put the broccolis in the attic
Bob: I have no idea
Alice: where are they
Bob: there is a red envelope in the attic
Alice: where can I find the onions
Bob: there is a green pantry in the master_bedroom",is the green pepper in the dining_room?,No,TRUE,Context,Variable Swap,Invarianat
"Alice: are some of the strawberries in the back_yard
Bob: I put all of them in the back_yard
Alice: where did Jack go
Bob: he said he walked to the pantry
Alice: are some of the sweet potatoes in the pantry
Bob: Jack said he put four of them there
Alice: did you leave the corns there
Bob: I left them in the staircase
Alice: did Amelia place the lettuces in the staircase
Bob: no
Alice: did Lucas place the lettuces there
Bob: I didn't see him
Alice: where can I get them
Bob: the lettuces are in the back_yard
Alice: did Jack place the turnips there
Bob: I don't know
Alice: where are they
Bob: the turnips are in the pantry
Alice: are all the turnips there
Bob: Jack said he saw some in the pantry",are the corns in the staircase?,Yes,FALSE,None,-,-
"Alice: are all of the strawberries in the back_yard
Bob: I put all of them in the back_yard
Alice: where did Jack go
Bob: he said he walked to the pantry
Alice: are some of the sweet potatoes in the pantry
Bob: Jack said he put four of them there
Alice: did you leave the corns there
Bob: I left them in the staircase
Alice: did Amelia place the lettuces in the staircase
Bob: no
Alice: did Lucas place the lettuces there
Bob: I didn't see him
Alice: where can I get them
Bob: the lettuces are in the back_yard
Alice: did Jack place the turnips there
Bob: I don't know
Alice: where are they
Bob: the turnips are in the pantry
Alice: are all the turnips there
Bob: Jack said he saw some in the pantry",are the corns in the staircase?,Yes,TRUE,Context,Quantifier change,Invarianat
"Alice: are some of the strawberries in the back_yard
Bob: I put some of them in the back_yard
Alice: where did Jack go
Bob: he said he walked to the pantry
Alice: are some of the sweet potatoes in the pantry
Bob: Jack said he put four of them there
Alice: did you leave the corns there
Bob: I left them in the staircase
Alice: did Amelia place the lettuces in the staircase
Bob: no
Alice: did Lucas place the lettuces there
Bob: I didn't see him
Alice: where can I get them
Bob: the lettuces are in the back_yard
Alice: did Jack place the turnips there
Bob: I don't know
Alice: where are they
Bob: the turnips are in the pantry
Alice: are all the turnips there
Bob: Jack said he saw some in the pantry",are the corns in the staircase?,Yes,TRUE,Context,Quantifier change,Invarianat
"Alice: are some of the strawberries in the back_yard
Bob: I put all of them in the back_yard
Alice: where did Jack go
Bob: he said he walked to the pantry
Alice: are some of the sweet potatoes in the staircase
Bob: Jack said he put four of them there
Alice: did you leave the corns there
Bob: I left them in the pantry
Alice: did Amelia place the lettuces in the staircase
Bob: no
Alice: did Lucas place the lettuces there
Bob: I didn't see him
Alice: where can I get them
Bob: the lettuces are in the back_yard
Alice: did Jack place the turnips there
Bob: I don't know
Alice: where are they
Bob: the turnips are in the pantry
Alice: are all the turnips there
Bob: Jack said he saw some in the pantry",are the corns in the staircase?,No,TRUE,Context,Variable Swap ,Flip
"Alice: are some of the strawberries in the back_yard
Bob: I put all of them in the back_yard
Alice: where did Jack go
Bob: he said he walked to the pantry
Alice: are some of the sweet potatoes in the pantry
Bob: Jack said he put three of them there
Alice: did you leave the corns there
Bob: I left them in the staircase
Alice: did Amelia place the lettuces in the staircase
Bob: no
Alice: did Lucas place the lettuces there
Bob: I didn't see him
Alice: where can I get them
Bob: the lettuces are in the back_yard
Alice: did Jack place the turnips there
Bob: I don't know
Alice: where are they
Bob: the turnips are in the pantry
Alice: are all the turnips there
Bob: Jack said he saw some in the pantry",are the corns in the staircase?,Yes,TRUE,Context,Quanity Change,Invarianat
"Alice: are some of the strawberries in the back_yard
Bob: I put all of them in the back_yard
Alice: where did Jack go
Bob: he said he walked to the pantry
Alice: are some of the sweet potatoes in the pantry
Bob: Jack said he put four of them there
Alice: did you leave the corns there
Bob: I left them in the staircase
Alice: did Amelia place the lettuces in the staircase
Bob: Yes
Alice: did Lucas place the lettuces there
Bob: I didn't see him
Alice: where can I get them
Bob: the lettuces are in the back_yard
Alice: did Jack place the turnips there
Bob: I don't know
Alice: where are they
Bob: the turnips are in the pantry
Alice: are all the turnips there
Bob: Jack said he saw some in the pantry",are the corns in the staircase?,Yes,TRUE,Context,Negation,Invarianat
"Alice: are some of the strawberries in the back_yard
Bob: I put all of them in the back_yard
Alice: where did Jack go
Bob: he said he walked to the pantry
Alice: are some of the sweet potatoes in the pantry
Bob: Jack said he put four of them there
Alice: did you leave the corns there
Bob: I left them in the staircase
Alice: did Amelia place the lettuces in the staircase
Bob: no
Alice: did Lucas place the lettuces there
Bob: I didn't see him
Alice: where can I get them
Bob: the lettuces are in the back_yard
Alice: did Jack place the turnips there
Bob: I don't know
Alice: where are they
Bob: the turnips are in the pantry
Alice: are all the turnips there
Bob: Jack said he saw none in the pantry",are the corns in the staircase?,Yes,TRUE,Context,Negation,Invarianat
"Alice: are some of the strawberries in the back_yard
Bob: I put all of them in the back_yard
Alice: where did Jack go
Bob: he said he walked to the pantry
Alice: are some of the sweet potatoes in the pantry
Bob: Jack said he put four of them there
Alice: did you leave the corns there
Bob: I left them in the staircase
Alice: did Amelia place the lettuces in the staircase
Bob: no
Alice: did Lucas place the lettuces there
Bob: I didn't see him
Alice: where can I get them
Bob: the lettuces are in the back_yard
Alice: did Jack place the turnips there
Bob: I don't know
Alice: where are they
Bob: the turnips are in the pantry
Alice: are all the turnips there
Bob: Jack said he saw none in the pantry",are the lettuces in the staircase?,No,TRUE,Question,Variable Substitution,Flip
"Alice: are all the corns in the porch
Bob: Ethan said he saw some there
Alice: are all the grapes in the patio
Bob: I saw some grapes in the patio
Alice: did Ava go there
Bob: she was in the back_yard
Alice: are some of the peas in the hall
Bob: two are there
Alice: where are the pineapples
Bob: I put them in the back_yard and went to the patio
Alice: are some of them in the back_yard
Bob: all of the pineapples are in the back_yard
Alice: are some of the pumpkins in the porch
Bob: Ethan said he put three there
Alice: how many apples are in the back_yard
Bob: four or five
Alice: are some of the grapefruits in the patio
Bob: I put three of the grapefruits there
Alice: where is the onion
Bob: it is in the hall",are some of the pineapples in the back_yard?,Yes,FALSE,None,-,-
"Alice: are all the corns in the porch
Bob: Ethan said he saw some there
Alice: are all the grapes in the patio
Bob: I saw some grapes in the patio
Alice: did Ava go there
Bob: she was in the back_yard
Alice: are some of the peas in the hall
Bob: two are there
Alice: where are the pineapples
Bob: I put them in the back_yard and went to the patio
Alice: are all of them in the back_yard
Bob: all of the pineapples are in the back_yard
Alice: are some of the pumpkins in the porch
Bob: Ethan said he put three there
Alice: how many apples are in the back_yard
Bob: four or five
Alice: are some of the grapefruits in the patio
Bob: I put three of the grapefruits there
Alice: where is the onion
Bob: it is in the hall",are some of the pineapples in the back_yard?,Yes,TRUE,Context,Quantifier change,Invarianat
"Alice: are all the corns in the porch
Bob: Ethan said he saw some there
Alice: are all the grapes in the patio
Bob: I saw some grapes in the patio
Alice: did Ava go there
Bob: she was in the back_yard
Alice: are some of the peas in the hall
Bob: two are there
Alice: where are the pineapples
Bob: I put them in the back_yard and went to the patio
Alice: are some of them in the back_yard
Bob: some of the pineapples are in the back_yard
Alice: are some of the pumpkins in the porch
Bob: Ethan said he put three there
Alice: how many apples are in the back_yard
Bob: four or five
Alice: are some of the grapefruits in the patio
Bob: I put three of the grapefruits there
Alice: where is the onion
Bob: it is in the hall",are some of the pineapples in the back_yard?,Yes,TRUE,Context,Quantifier change,Invarianat
"Alice: are all the corns in the porch
Bob: Ethan said he saw some there
Alice: are all the grapes in the patio
Bob: I saw some grapes in the patio
Alice: did Ava go there
Bob: she was in the back_yard
Alice: are some of the peas in the hall
Bob: two are there
Alice: where are the pineapples
Bob: I put them in the back_yard and went to the patio
Alice: are some of them in the back_yard
Bob: all of the pineapples are in the back_yard
Alice: are some of the pumpkins in the porch
Bob: Ethan said he put three there
Alice: how many apples are in the back_yard
Bob: four or five
Alice: are some of the grapefruits in the patio
Bob: I put three of the grapefruits there
Alice: where is the onion
Bob: it is in the hall",are some of the pumpkins in the back_yard?,No,TRUE,Question,Variable Substitution ,Flip
"Alice: are all the corns in the porch
Bob: Ethan said he saw some there
Alice: are all the grapes in the patio
Bob: I saw some grapes in the patio
Alice: did Ava go there
Bob: she was in the back_yard
Alice: are some of the peas in the hall
Bob: two are there
Alice: where are the pineapples
Bob: I put them in the back_yard and went to the patio
Alice: are some of them in the back_yard
Bob: all of the pineapples are in the back_yard
Alice: are some of the pumpkins in the porch
Bob: Ethan said he put four there
Alice: how many apples are in the back_yard
Bob: four or five
Alice: are some of the grapefruits in the patio
Bob: I put three of the grapefruits there
Alice: where is the onion
Bob: it is in the hall",are some of the pineapples in the back_yard?,Yes,TRUE,Context,Quantity Change,Invarianat
"Alice: are all the corns in the porch
Bob: Ethan said he saw some there
Alice: are all the grapes in the patio
Bob: I saw some grapes in the patio
Alice: did Ava go there
Bob: she was in the back_yard
Alice: are some of the peas in the hall
Bob: two are there
Alice: where are the pineapples
Bob: I put them in the back_yard and went to the patio
Alice: are some of them in the back_yard
Bob: all of the pineapples are in the back_yard
Alice: are some of the pumpkins in the porch
Bob: Ethan said he put three there
Alice: how many apples are in the back_yard
Bob: four or five
Alice: are some of the grapefruits in the patio
Bob: I put five of the grapefruits there
Alice: where is the onion
Bob: it is in the hall",are some of the pineapples in the back_yard?,Yes,TRUE,Context,Quantity Change,Invarianat
"Alice: are all the corns in the porch
Bob: Ethan said he saw some there
Alice: are all the grapes in the patio
Bob: I saw some grapes in the patio
Alice: did Ava go there
Bob: she was in the back_yard
Alice: are some of the peas in the hall
Bob: two are there
Alice: where are the pineapples
Bob: I put them in the back_yard and went to the patio
Alice: are some of them in the back_yard
Bob: all of the pineapples are in the back_yard
Alice: are some of the pumpkins in the porch
Bob: Ethan said he put three there
Alice: how many apples are in the back_yard
Bob: four or five
Alice: are some of the grapefruits in the patio
Bob: I put three of the grapefruits there
Alice: where is the onion
Bob: it is not in the hall",are some of the pineapples in the back_yard?,Yes,TRUE,Context,Negation,Invarianat
"Alice: where can I find the limes
Bob: they are in the porch
Alice: are all of them there
Bob: Alexander said he saw some limes in the porch
Alice: how many corns are in the front_yard
Bob: there are at least two there
Alice: are some of the radishes in the sunroom
Bob: four are there
Alice: where are the persimmons
Bob: the persimmons are in the sunroom
Alice: did Emma leave them in the sunroom
Bob: no, she didn't
Alice: are all of them in the sunroom
Bob: some persimmons are in the sunroom
Alice: are some of the cherries in the playroom
Bob: three are there
Alice: are all the celeries in the porch
Bob: some are there
Alice: where did Emma go
Bob: she went to the porch and the playroom",does the woman know where the persimmons are?,Yes,FALSE,None,-,-
"Alice: where can I find the limes
Bob: they are in not the porch
Alice: are all of them there
Bob: Alexander said he saw some limes in the porch
Alice: how many corns are in the front_yard
Bob: there are at least two there
Alice: are some of the radishes in the sunroom
Bob: four are there
Alice: where are the persimmons
Bob: the persimmons are in the sunroom
Alice: did Emma leave them in the sunroom
Bob: no, she didn't
Alice: are all of them in the sunroom
Bob: some persimmons are in the sunroom
Alice: are some of the cherries in the playroom
Bob: three are there
Alice: are all the celeries in the porch
Bob: some are there
Alice: where did Emma go
Bob: she went to the porch and the playroom",does the woman know where the persimmons are?,Yes,TRUE,Context,Negation,Invarianat
"Alice: where can I find the limes
Bob: they are in the porch
Alice: are all of them there
Bob: Alexander said he saw some limes in the porch
Alice: how many corns are in the front_yard
Bob: there are at least four there
Alice: are some of the radishes in the sunroom
Bob: four are there
Alice: where are the persimmons
Bob: the persimmons are in the sunroom
Alice: did Emma leave them in the sunroom
Bob: no, she didn't
Alice: are all of them in the sunroom
Bob: some persimmons are in the sunroom
Alice: are some of the cherries in the playroom
Bob: three are there
Alice: are all the celeries in the porch
Bob: some are there
Alice: where did Emma go
Bob: she went to the porch and the playroom",does the woman know where the persimmons are?,Yes,TRUE,Context,Quantity Change,Invarianat
"Alice: where can I find the limes
Bob: they are in the porch
Alice: are all of them there
Bob: Alexander said he saw some limes in the porch
Alice: how many corns are in the front_yard
Bob: there are at least two there
Alice: are some of the radishes in the sunroom
Bob: two are there
Alice: where are the persimmons
Bob: the persimmons are in the sunroom
Alice: did Emma leave them in the sunroom
Bob: no, she didn't
Alice: are all of them in the sunroom
Bob: some persimmons are in the sunroom
Alice: are some of the cherries in the playroom
Bob: three are there
Alice: are all the celeries in the porch
Bob: some are there
Alice: where did Emma go
Bob: she went to the porch and the playroom",does the woman know where the persimmons are?,Yes,TRUE,Context,Quantity Change,Invarianat
"Alice: where can I find the limes
Bob: they are in the porch
Alice: are all of them there
Bob: Alexander said he saw some limes in the porch
Alice: how many corns are in the front_yard
Bob: there are at least two there
Alice: are some of the radishes in the sunroom
Bob: four are there
Alice: where are the persimmons
Bob: the persimmons are in the sunroom
Alice: did Emma leave them in the sunroom
Bob: no, she didn't
Alice: are all of them in the sunroom
Bob: some persimmons are not in the sunroom
Alice: are some of the cherries in the playroom
Bob: three are there
Alice: are all the celeries in the porch
Bob: some are there
Alice: where did Emma go
Bob: she went to the porch and the playroom",does the woman know where the persimmons are?,Yes,TRUE,Context,Negation,Invarianat
"Alice: where can I find the limes
Bob: they are in the porch
Alice: are all of them there
Bob: Alexander said he saw some limes in the porch
Alice: how many corns are in the front_yard
Bob: there are at least two there
Alice: are some of the radishes in the sunroom
Bob: four are there
Alice: where are the persimmons
Bob: the persimmons are in the sunroom
Alice: did Emma leave them in the sunroom
Bob: no, she didn't
Alice: are all of them in the sunroom
Bob: some persimmons are in the sunroom
Alice: are some of the cherries in the playroom
Bob: three are there
Alice: are all the celeries in the porch
Bob: some are there
Alice: where did Emma go
Bob: she went to the porch and the playroom",does the woman know where the corns are?,Yes,TRUE,Question,Variable Substitution,Invarianat
"Alice: where can I find the lettuces
Bob: there is a green drawer in the office
Alice: did Emma place them in the office
Bob: yes, she did
Alice: did she put the limes in the office
Bob: no
Alice: what about Sophia
Bob: no
Alice: are some of the radishes in the back_yard
Bob: four are there
Alice: did Chloe leave them in the playroom
Bob: she left the limes there
Alice: did she place the radishes in the playroom
Bob: she said she was in the TV_room
Alice: did you go there
Bob: I returned to the back_yard
Alice: did you leave the green pepper there
Bob: I left the radishes there
Alice: are some of the broccolis there
Bob: I put five of them in the back_yard",is the woman sure about how many are the broccolis?,Yes,FALSE,None,-,-
"Alice: where can I find the lettuces
Bob: there is a green drawer in the office
Alice: did Emma place them in the office
Bob: yes, she did
Alice: did she put the limes in the office
Bob: Yes
Alice: what about Sophia
Bob: no
Alice: are some of the radishes in the back_yard
Bob: four are there
Alice: did Chloe leave them in the playroom
Bob: she left the limes there
Alice: did she place the radishes in the playroom
Bob: she said she was in the TV_room
Alice: did you go there
Bob: I returned to the back_yard
Alice: did you leave the green pepper there
Bob: I left the radishes there
Alice: are some of the broccolis there
Bob: I put five of them in the back_yard",is the woman sure about how many are the broccolis?,Yes,TRUE,Context,Negation,Invarianat
"Alice: where can I find the lettuces
Bob: there is a green drawer in the office
Alice: did Emma place them in the office
Bob: yes, she did
Alice: did she put the limes in the office
Bob: no
Alice: what about Sophia
Bob: Yes
Alice: are some of the radishes in the back_yard
Bob: four are there
Alice: did Chloe leave them in the playroom
Bob: she left the limes there
Alice: did she place the radishes in the playroom
Bob: she said she was in the TV_room
Alice: did you go there
Bob: I returned to the back_yard
Alice: did you leave the green pepper there
Bob: I left the radishes there
Alice: are some of the broccolis there
Bob: I put five of them in the back_yard",is the woman sure about how many are the broccolis?,Yes,TRUE,Context,Negation,Invarianat
"Alice: where can I find the lettuces
Bob: there is a green drawer in the office
Alice: did Emma place them in the office
Bob: yes, she did
Alice: did she put the limes in the office
Bob: no
Alice: what about Sophia
Bob: no
Alice: are some of the radishes in the back_yard
Bob: three are there
Alice: did Chloe leave them in the playroom
Bob: she left the limes there
Alice: did she place the radishes in the playroom
Bob: she said she was in the TV_room
Alice: did you go there
Bob: I returned to the back_yard
Alice: did you leave the green pepper there
Bob: I left the radishes there
Alice: are some of the broccolis there
Bob: I put five of them in the back_yard",is the woman sure about how many are the broccolis?,Yes,TRUE,Context,Quantity Change,Invarianat
"Alice: where can I find the lettuces
Bob: there is a green drawer in the office
Alice: did Emma place them in the office
Bob: yes, she did
Alice: did she put the limes in the office
Bob: no
Alice: what about Sophia
Bob: no
Alice: are some of the radishes in the back_yard
Bob: four are there
Alice: did Chloe leave them in the playroom
Bob: she left the limes there
Alice: did she place the radishes in the playroom
Bob: she said she was in the TV_room
Alice: did you go there
Bob: I returned to the back_yard
Alice: did you leave the green pepper there
Bob: I left the radishes there
Alice: are all of the broccolis there
Bob: I put five of them in the back_yard",is the woman sure about how many are the broccolis?,Yes,TRUE,Context,Quantifier change,Invarianat
"Alice: where can I find the lettuces
Bob: there is a green drawer in the office
Alice: did Emma place them in the office
Bob: yes, she did
Alice: did she put the limes in the office
Bob: no
Alice: what about Sophia
Bob: no
Alice: are some of the radishes in the back_yard
Bob: four are there
Alice: did Chloe leave them in the playroom
Bob: she left the limes there
Alice: did she place the radishes in the playroom
Bob: she said she was in the TV_room
Alice: did you go there
Bob: I returned to the back_yard
Alice: did you leave the green pepper there
Bob: I left the radishes there
Alice: are some of the broccolis there
Bob: I put three of them in the back_yard",is the woman sure about how many are the broccolis?,Yes,TRUE,Context,Quantity Change,Invarianat
"Alice: where can I find the lettuces
Bob: there is a green drawer in the office
Alice: did Emma place them in the office
Bob: yes, she did
Alice: did she put the limes in the office
Bob: no
Alice: what about Sophia
Bob: no
Alice: are some of the radishes in the back_yard
Bob: four are there
Alice: did Chloe leave them in the playroom
Bob: she left the limes there
Alice: did she place the radishes in the playroom
Bob: she said she was in the TV_room
Alice: did you go there
Bob: I returned to the back_yard
Alice: did you leave the green pepper there
Bob: I left the radishes there
Alice: are some of the broccolis there
Bob: I put five of them in the back_yard",is the woman sure about how many are the lettuces?,No,TRUE,Question,Variable Substitution,Flip
"Alice: did Chloe place the radishes in the garage
Bob: I don't know
Alice: where did you see them
Bob: the radishes are in the workshop or the porch
Alice: how about the plums
Bob: I left them in the porch and journeyed to the garage
Alice: are all of them in the porch
Bob: some plums are in the porch
Alice: where did Chloe go
Bob: she said she journeyed to the porch and the living_room
Alice: are all the peas in the porch
Bob: yes
Alice: where was Ethan
Bob: he said he travelled to the garage and the workshop
Alice: where can I get the limes
Bob: they are in the porch or the garage
Alice: how about the pumpkin
Bob: I have no idea
Alice: where can I find the cabbages
Bob: I left the cabbages in the living_room and went to the garage",is there any plums in the porch?,Yes,FALSE,None,-,-
"Alice: did Chloe place the radishes in the garage
Bob: I don't know
Alice: where did you see them
Bob: the radishes are in the workshop or the porch
Alice: how about the plums
Bob: I left them in the porch and journeyed to the garage
Alice: are all of them in the porch
Bob: some plums are not in the porch
Alice: where did Chloe go
Bob: she said she journeyed to the porch and the living_room
Alice: are all the peas in the porch
Bob: yes
Alice: where was Ethan
Bob: he said he travelled to the garage and the workshop
Alice: where can I get the limes
Bob: they are in the porch or the garage
Alice: how about the pumpkin
Bob: I have no idea
Alice: where can I find the cabbages
Bob: I left the cabbages in the living_room and went to the garage",is there any plums in the porch?,Yes,TRUE,Context,Negation,Invarianat
"Alice: did Chloe place the radishes in the garage
Bob: I don't know
Alice: where did you see them
Bob: the radishes are in the workshop or the porch
Alice: how about the plums
Bob: I left them in the porch and journeyed to the garage
Alice: are all of them in the porch
Bob: all plums are in the porch
Alice: where did Chloe go
Bob: she said she journeyed to the porch and the living_room
Alice: are all the peas in the porch
Bob: yes
Alice: where was Ethan
Bob: he said he travelled to the garage and the workshop
Alice: where can I get the limes
Bob: they are in the porch or the garage
Alice: how about the pumpkin
Bob: I have no idea
Alice: where can I find the cabbages
Bob: I left the cabbages in the living_room and went to the garage",is there any plums in the porch?,Yes,TRUE,Context,Quantifier change,Invarianat
"Alice: did Chloe place the radishes in the garage
Bob: I don't know
Alice: where did you see them
Bob: the radishes are in the workshop or the porch
Alice: how about the plums
Bob: I left them in the porch and journeyed to the garage
Alice: are all of them in the porch
Bob: some plums are in the porch
Alice: where did Chloe go
Bob: she said she journeyed to the porch and the living_room
Alice: are all the peas in the porch
Bob: No
Alice: where was Ethan
Bob: he said he travelled to the garage and the workshop
Alice: where can I get the limes
Bob: they are in the porch or the garage
Alice: how about the pumpkin
Bob: I have no idea
Alice: where can I find the cabbages
Bob: I left the cabbages in the living_room and went to the garage",is there any plums in the porch?,Yes,TRUE,Context,Negation,Invarianat
"Alice: did Chloe place the radishes in the garage
Bob: I don't know
Alice: where did you see them
Bob: the radishes are in the workshop or the porch
Alice: how about the plums
Bob: I left them in the porch and journeyed to the garage
Alice: are all of them in the porch
Bob: some plums are in the porch
Alice: where did Chloe go
Bob: she said she journeyed to the porch and the living_room
Alice: are all the peas in the porch
Bob: yes
Alice: where was Ethan
Bob: he said he travelled to the garage and the workshop
Alice: where can I get the limes
Bob: they are in the porch and the garage
Alice: how about the pumpkin
Bob: I have no idea
Alice: where can I find the cabbages
Bob: I left the cabbages in the living_room and went to the garage",is there any plums in the porch?,Yes,TRUE,Context,"Logical Connective
Change",Invarianat
"Alice: did Chloe place the radishes in the garage
Bob: I don't know
Alice: where did you see them
Bob: the radishes are in the workshop or the porch
Alice: how about the plums
Bob: I left them in the porch and journeyed to the garage
Alice: are all of them in the porch
Bob: some plums are in the porch
Alice: where did Chloe go
Bob: she said she journeyed to the porch and the living_room
Alice: are all the peas in the porch
Bob: yes
Alice: where was Ethan
Bob: he said he travelled to the garage and the workshop
Alice: where can I get the limes
Bob: they are in the porch or the garage
Alice: how about the pumpkin
Bob: I have no idea
Alice: where can I find the cabbages
Bob: I left the cabbages in the living_room and went to the garage",is there any pumpkin in the porch?,No,TRUE,Question,Variable Substitution,Flip
"Alice: did Chloe place the radishes in the garage
Bob: I don't know
Alice: where did you see them
Bob: the radishes are in the workshop or the porch
Alice: how about the plums
Bob: I left them in the porch and journeyed to the garage
Alice: are all of them in the porch
Bob: some plums are in the porch
Alice: where did Chloe go
Bob: she said she journeyed to the porch and the living_room
Alice: are all the peas in the porch
Bob: yes
Alice: where was Ethan
Bob: he said he travelled to the garage and the workshop
Alice: where can I get the limes
Bob: they are in the porch or the garage
Alice: how about the pumpkin
Bob: I have no idea
Alice: where can I find the cabbages
Bob: I left the cabbages in the living_room and went to the garage",is there any plums in the living_room?,No,TRUE,Question,Variable Substitution,Flip
"Alice: are some of the plums in the bathroom
Bob: three plums are in the bathroom
Alice: how many cabbages are in the pantry
Bob: there are at least two there
Alice: did Sophia go there
Bob: she was in the attic
Alice: where can I find the cherries
Bob: the cherries are in the bathroom or the pantry
Alice: did you see the potatoes
Bob: they are in the hallway
Alice: how many potatoes are there
Bob: there are five
Alice: where are the persimmons
Bob: there is a green crate in the attic
Alice: did Sophia leave the radishes there
Bob: she left them in the attic if not the hallway
Alice: are all the peaches in the hallway
Bob: some peaches are in the hallway
Alice: how many persimmons are in the attic
Bob: four or five",does the woman know where the cherries are?,No,FALSE,None,-,-
"Alice: are all of the plums in the bathroom
Bob: three plums are in the bathroom
Alice: how many cabbages are in the pantry
Bob: there are at least two there
Alice: did Sophia go there
Bob: she was in the attic
Alice: where can I find the cherries
Bob: the cherries are in the bathroom or the pantry
Alice: did you see the potatoes
Bob: they are in the hallway
Alice: how many potatoes are there
Bob: there are five
Alice: where are the persimmons
Bob: there is a green crate in the attic
Alice: did Sophia leave the radishes there
Bob: she left them in the attic if not the hallway
Alice: are all the peaches in the hallway
Bob: some peaches are in the hallway
Alice: how many persimmons are in the attic
Bob: four or five",does the woman know where the cherries are?,No,TRUE,Context,Quantifier change,Invarianat
"Alice: are some of the plums in the bathroom
Bob: three plums are in the bathroom
Alice: how many cabbages are in the pantry
Bob: there are at least two there
Alice: did Sophia go there
Bob: she was in the attic
Alice: where can I find the cherries
Bob: the cherries are in the bathroom and the pantry
Alice: did you see the potatoes
Bob: they are in the hallway
Alice: how many potatoes are there
Bob: there are five
Alice: where are the persimmons
Bob: there is a green crate in the attic
Alice: did Sophia leave the radishes there
Bob: she left them in the attic if not the hallway
Alice: are all the peaches in the hallway
Bob: some peaches are in the hallway
Alice: how many persimmons are in the attic
Bob: four or five",does the woman know where the cherries are?,Yes,TRUE,Context,"Logical Connective
Change",Flip
"Alice: are some of the plums in the bathroom
Bob: three plums are in the bathroom
Alice: how many cabbages are in the pantry
Bob: there are at least two there
Alice: did Sophia go there
Bob: she was in the attic
Alice: where can I find the cherries
Bob: the cherries are in the bathroom or the attic
Alice: did you see the potatoes
Bob: they are in the hallway
Alice: how many potatoes are there
Bob: there are five
Alice: where are the persimmons
Bob: there is a green crate in the attic
Alice: did Sophia leave the radishes there
Bob: she left them in the attic if not the hallway
Alice: are all the peaches in the hallway
Bob: some peaches are in the hallway
Alice: how many persimmons are in the pantry
Bob: four or five",does the woman know where the cherries are?,No,TRUE,Context,Variable Swap ,Invarianat
"Alice: are some of the plums in the bathroom
Bob: three plums are in the bathroom
Alice: how many cabbages are in the pantry
Bob: there are at least two there
Alice: did Sophia go there
Bob: she was in the attic
Alice: where can I find the cherries
Bob: the cherries are in the bathroom or the pantry
Alice: did you see the potatoes
Bob: they are in the hallway
Alice: how many potatoes are there
Bob: there are five
Alice: where are the persimmons
Bob: there is a green crate in the attic
Alice: did Sophia leave the radishes there
Bob: she left them in the attic if not the hallway
Alice: are all the peaches in the hallway
Bob: some peaches are in the hallway
Alice: how many persimmons are in the attic
Bob: four or five",does the woman know where the potatoes are?,Yes,TRUE,Question,Variable Substituion,Flip
"Alice: are some of the plums in the bathroom
Bob: three plums are in the bathroom
Alice: how many cabbages are in the pantry
Bob: there are at least two there
Alice: did Sophia go there
Bob: she was in the attic
Alice: where can I find the cherries
Bob: the cherries are in the bathroom or the pantry
Alice: did you see the potatoes
Bob: they are in the hallway
Alice: how many potatoes are there
Bob: there are three
Alice: where are the persimmons
Bob: there is a green crate in the attic
Alice: did Sophia leave the radishes there
Bob: she left them in the attic if not the hallway
Alice: are all the peaches in the hallway
Bob: some peaches are in the hallway
Alice: how many persimmons are in the attic
Bob: four or five",does the woman know where the cherries are?,No,TRUE,Context,Quantity Change,Invarianat
"Alice: are some of the plums in the bathroom
Bob: three plums are in the bathroom
Alice: how many cabbages are in the pantry
Bob: there are at least two there
Alice: did Sophia go there
Bob: she was in the attic
Alice: where can I find the cherries
Bob: the cherries are in the bathroom or the pantry
Alice: did you see the potatoes
Bob: they are in the hallway
Alice: how many potatoes are there
Bob: there are five
Alice: where are the persimmons
Bob: there is a green crate in the attic
Alice: did Sophia leave the radishes there
Bob: she left them in the attic if not the hallway
Alice: are all the peaches in the hallway
Bob: some peaches are in the hallway
Alice: how many persimmons are in the attic
Bob: four or five",does the woman know where the cabbages are?,Yes,TRUE,Question,Variable Substitution ,Flip
"Alice: are some of the plums in the bathroom
Bob: three plums are in the bathroom
Alice: how many cabbages are in the pantry
Bob: there are at least two there
Alice: did Sophia go there
Bob: she was in the attic
Alice: where can I find the cherries
Bob: the cherries are in the bathroom or the pantry
Alice: did you see the potatoes
Bob: they are in the hallway
Alice: how many potatoes are there
Bob: there are five
Alice: where are the persimmons
Bob: there is a green crate in the attic
Alice: did Sophia leave the radishes there
Bob: she left them in the attic if not the hallway
Alice: are all the peaches in the hallway
Bob: some peaches are in the hallway
Alice: how many persimmons are in the attic
Bob: four or five",does the woman know how many are the persimmons?,No,FALSE,None,-,-
"Alice: are some of the plums in the bathroom
Bob: three plums are in the bathroom
Alice: how many cabbages are in the pantry
Bob: there are at least two there
Alice: did Sophia go there
Bob: she was in the attic
Alice: where can I find the cherries
Bob: the cherries are in the bathroom or the pantry
Alice: did you see the potatoes
Bob: they are in the hallway
Alice: how many persimmons are there
Bob: there are five
Alice: where are the potatoes
Bob: there is a green crate in the attic
Alice: did Sophia leave the radishes there
Bob: she left them in the attic if not the hallway
Alice: are all the peaches in the hallway
Bob: some peaches are in the hallway
Alice: how many persimmons are in the attic
Bob: four or five",does the woman know how many are the persimmons?,No,TRUE,Context,Variable Swap ,Invarianat
"Alice: are some of the plums in the bathroom
Bob: three plums are in the bathroom
Alice: how many persimmons are in the pantry
Bob: there are at least two there
Alice: did Sophia go there
Bob: she was in the attic
Alice: where can I find the cherries
Bob: the cherries are in the bathroom or the pantry
Alice: did you see the potatoes
Bob: they are in the hallway
Alice: how many potatoes are there
Bob: there are five
Alice: where are the cabbages
Bob: there is a green crate in the attic
Alice: did Sophia leave the radishes there
Bob: she left them in the attic if not the hallway
Alice: are all the peaches in the hallway
Bob: some peaches are in the hallway
Alice: how many persimmons are in the attic
Bob: four or five",does the woman know how many are the persimmons?,No,TRUE,Context,Variable Swap ,Invarianat
"Alice: are some of the plums in the bathroom
Bob: three plums are in the bathroom
Alice: how many cabbages are in the pantry
Bob: there are at least two there
Alice: did Sophia go there
Bob: she was in the attic
Alice: where can I find the cherries
Bob: the cherries are in the bathroom or the pantry
Alice: did you see the potatoes
Bob: they are in the hallway
Alice: how many potatoes are there
Bob: there are five
Alice: where are the persimmons
Bob: there is a green crate in the attic
Alice: did Sophia leave the radishes there
Bob: she left them in the attic if not the hallway
Alice: are all the peaches in the hallway
Bob: some peaches are in the hallway
Alice: how many persimmons are in the attic
Bob: four or five",does the woman know how many are the potatoes?,Yes,TRUE,Question,Variable Substituion ,Flip
"Alice: are some of the plums in the bathroom
Bob: three plums are in the bathroom
Alice: how many cabbages are in the pantry
Bob: there are at least two there
Alice: did Sophia go there
Bob: she was in the attic
Alice: where can I find the cherries
Bob: the cherries are in the bathroom or the pantry
Alice: did you see the potatoes
Bob: they are in the hallway
Alice: how many potatoes are there
Bob: there are five
Alice: where are the persimmons
Bob: there is a green crate in the attic
Alice: did Sophia leave the radishes there
Bob: she left them in the attic if not the hallway
Alice: are all the peaches in the hallway
Bob: some peaches are in the hallway
Alice: how many persimmons are in the attic
Bob: four or five",does the woman know how many are the plums?,Yes,TRUE,Question,Variable Substitution ,Flip
"Alice: where was Lily
Bob: I know she didn't went to the workshop
Alice: where can I get the limes
Bob: they are in the back_yard or the TV_room
Alice: where did you go
Bob: I went to the workshop and the TV_room
Alice: how many persimmons are in the workshop
Bob: three or four
Alice: did Jack place the lettuces in the hall
Bob: yes, he did
Alice: did Lily put the pineapples there
Bob: she said she put them in the TV_room
Alice: are some of them in the TV_room
Bob: four are in the TV_room
Alice: how many eggplants are in the hall
Bob: two
Alice: did you see the sweet potatoes
Bob: Lily and I left them in the back_yard
Alice: how about the grapefruits
Bob: Alexander said there is a green bathtub in the workshop",is the woman sure about who put the lettuces the hall?,Yes,FALSE,None,-,-
"Alice: where was Lily
Bob: I know she didn't went to the workshop
Alice: where can I get the limes
Bob: they are in the back_yard or the TV_room
Alice: where did you go
Bob: I went to the workshop and the TV_room
Alice: how many persimmons are in the workshop
Bob: three or four
Alice: did Alexander place the lettuces in the hall
Bob: yes, he did
Alice: did Lily put the pineapples there
Bob: she said she put them in the TV_room
Alice: are some of them in the TV_room
Bob: four are in the TV_room
Alice: how many eggplants are in the hall
Bob: two
Alice: did you see the sweet potatoes
Bob: Lily and I left them in the back_yard
Alice: how about the grapefruits
Bob: Jack said there is a green bathtub in the workshop",is the woman sure about who put the lettuces the hall?,Yes,TRUE,Context,Variable Swap,Invarianat
"Alice: where was Lily
Bob: I know she didn't went to the workshop
Alice: where can I get the limes
Bob: they are in the back_yard or the TV_room
Alice: where did you go
Bob: I went to the workshop and the TV_room
Alice: how many persimmons are in the workshop
Bob: three or four
Alice: did Jack place the lettuces in the hall
Bob: No, he didn't
Alice: did Lily put the pineapples there
Bob: she said she put them in the TV_room
Alice: are some of them in the TV_room
Bob: four are in the TV_room
Alice: how many eggplants are in the hall
Bob: two
Alice: did you see the sweet potatoes
Bob: Lily and I left them in the back_yard
Alice: how about the grapefruits
Bob: Alexander said there is a green bathtub in the workshop",is the woman sure about who put the lettuces the hall?,No,TRUE,Context,Negation,Flip
"Alice: where was Lily
Bob: I know she didn't went to the workshop
Alice: where can I get the limes
Bob: they are in the back_yard or the TV_room
Alice: where did you go
Bob: I went to the workshop and the TV_room
Alice: how many persimmons are in the workshop
Bob: three or four
Alice: did Jack place the lettuces in the hall
Bob: yes, he did
Alice: did Lily put the pineapples there
Bob: she said she put them in the TV_room
Alice: are some of them in the TV_room
Bob: four are in the TV_room
Alice: how many eggplants are in the hall
Bob: two
Alice: did you see the sweet potatoes
Bob: Lily and I left them in the back_yard
Alice: how about the grapefruits
Bob: Alexander said there is a green bathtub in the workshop",is the woman sure about who put the eggplants the hall?,No,TRUE,Question,Variable Substitution ,Flip
"Alice: where was Lily
Bob: I know she didn't went to the workshop
Alice: where can I get the limes
Bob: they are in the back_yard or the TV_room
Alice: where did you go
Bob: I went to the workshop and the TV_room
Alice: how many persimmons are in the workshop
Bob: three or four
Alice: did Jack place the lettuces in the hall
Bob: yes, he did
Alice: did Lily put the pineapples there
Bob: she said she put them in the TV_room
Alice: are some of them in the TV_room
Bob: four are in the TV_room
Alice: how many eggplants are in the hall
Bob: four
Alice: did you see the sweet potatoes
Bob: Lily and I left them in the back_yard
Alice: how about the grapefruits
Bob: Alexander said there is a green bathtub in the workshop",is the woman sure about who put the lettuces the hall?,Yes,TRUE,Context,Quantity Change,Invarianat
"A: : Excuse me. I'd like to find out about flights to New York.
B: an: Well, let's see. One just left about five minutes ago; and there's another one at ten.
A: : What time is it, please?
B: an: It's five to eight.
A: : So the plane leaves in about two hours.
B: an: That's right. Have you bought your ticket?
A: : No, I haven't, Can I buy one here?
B: an: I'm afraid you can't. You'd better go to the hooking office.",Does the listener have a watch?,Yes,FALSE,None,-,-
"A: : Excuse me. I'd like to find out about flights to Chicago.
B: an: Well, let's see. One just left about five minutes ago; and there's another one at ten.
A: : What time is it, please?
B: an: It's five to eight.
A: : So the plane leaves in about two hours.
B: an: That's right. Have you bought your ticket?
A: : No, I haven't, Can I buy one here?
B: an: I'm afraid you can't. You'd better go to the hooking office.",Does the listener have a watch?,Yes,TRUE,Context,Variable Substitution,Invarianat
"A: : Excuse me. I'd like to find out about flights to New York.
B: an: Well, let's see. One just left about five minutes ago; and there's another one at five past ten.
A: : What time is it, please?
B: an: It's five to eight.
A: : So the plane leaves in about two hours.
B: an: That's right. Have you bought your ticket?
A: : No, I haven't, Can I buy one here?
B: an: I'm afraid you can't. You'd better go to the hooking office.",Does the listener have a watch?,Yes,TRUE,Context,Quantity Change,Invarianat
"A: : Excuse me. I'd like to find out about flights to New York.
B: an: Well, let's see. One just left about five minutes ago; and there's another one at ten.
A: : What time is it, please?
B: an: It's five to eight.
A: : So the plane leaves in about two hours.
B: an: That's right. Have you bought your ticket?
A: : No, I haven't, Can I buy one here?
B: an: I'm afraid you can't. You'd better go to the hooking office.",Does the speaker have a watch?,No,TRUE,Question,Variable Substitution,Flip
"A: : Excuse me. I'd like to find out about flights to New York.
B: an: Well, let's see. One just left about five minutes ago; and there's another one at ten.
A: : What time is it, please?
B: an: It's five to eight.
A: : So the plane leaves in about two hours.
B: an: That's right. Have you bought your ticket?
A: : No, I haven't, Can I buy one here?
B: an: You can but You'd better go to the hooking office.",Does the listener have a watch?,Yes,TRUE,Context,Negation,Invarianat
"A: Any interesting jobs listed on the Internet today?
B: Well, there are a lot of retail jobs-selling clothes and stuff. But you have to work Saturdays and Sundays.
A: Hmm. I hate working on weekends.
B: Hmm... so do I.
A: Oh, here's a job in sales. It's a job selling children's books to bookstores.
B: That sounds interesting.
A: Yes.
B: Let's see.
A: You need to have a driver's license. And you have to work some evenings.
B: I don't mind working evenings during the week. And I enjoy driving. So, what's the phone number?
A: It's 798-3455.",Is the speaker interested about the mentioned sales job?,Yes,FALSE,None,-,-
"A: Any interesting jobs listed on the Internet today?
B: Well, there are a lot of retail jobs-selling clothes and stuff. But you have to work Saturdays and Sundays.
A: Hmm. I hate working on weekends.
B: Hmm... so do I.
A: Oh, here's a job in sales. It's a job selling children's books to bookstores.
B: That sounds interesting.
A: Yes.
B: Let's see.
A: You need to have a driver's license. And you have to work some evenings.
B: I don't mind working evenings during the week. And I enjoy driving. So, what's the phone number?
A: It's 798-3455.",Is the listener interested about the mentioned sales job?,Yes,TRUE,Question,Variable Substitution,Invarianat
"A: Any interesting jobs listed on the Internet today?
B: Well, there are a lot of retail jobs-selling clothes and stuff. But you have to work Saturdays and Sundays.
A: Hmm. I hate working on weekends.
B: Hmm... so do I.
A: Oh, here's a job in sales. It's a job selling children's books to bookstores.
B: That sounds interesting.
A: Yes.
B: Let's see.
A: You need to have a driver's license. And you have to work some evenings.
B: I don't mind working evenings during the week. And I enjoy driving. So, what's the phone number?
A: It's 798-3455.",Is the speaker interested about the mentioned retail jobs?,No,TRUE,Question,Variable Substitution,Flip
"A: Any interesting jobs listed on the Internet today?
B: Well, there are a lot of retail jobs-selling clothes and stuff. But you have to work Saturdays or Sundays.
A: Hmm. I hate working on weekends.
B: Hmm... so do I.
A: Oh, here's a job in sales. It's a job selling children's books to bookstores.
B: That sounds interesting.
A: Yes.
B: Let's see.
A: You need to have a driver's license. And you have to work some evenings.
B: I don't mind working evenings during the week. And I enjoy driving. So, what's the phone number?
A: It's 798-3455.",Is the listener interested about the mentioned sales job?,Yes,TRUE,Context,Logical Connective Change,Invarianat
"A: Any interesting jobs listed on the Internet today?
B: Well, there are a lot of retail jobs-selling clothes and stuff. But you have to work Saturdays and Sundays.
A: Hmm. I like working on weekends.
B: Hmm... so do I.
A: Oh, here's a job in sales. It's a job selling children's books to bookstores.
B: That sounds interesting.
A: Yes.
B: Let's see.
A: You need to have a driver's license. And you have to work some evenings.
B: I don't mind working evenings during the week. And I enjoy driving. So, what's the phone number?
A: It's 798-3455.",Is the speaker interested about the mentioned sales job?,Yes,TRUE,Context,Negation,Invarianat
"A: Any interesting jobs listed on the Internet today?
B: Well, there are a lot of retail jobs-selling clothes and stuff. But you have to work Saturdays and Sundays.
A: Hmm. I hate working on weekends.
B: Hmm... so do I.
A: Oh, here's a job in sales. It's a job selling pet supplies to pet stores.
B: That sounds interesting.
A: Yes.
B: Let's see.
A: You need to have a driver's license. And you have to work some evenings.
B: I don't mind working evenings during the week. And I enjoy driving. So, what's the phone number?
A: It's 798-3455.",Is the speaker interested about the mentioned sales job?,Yes,TRUE,Context,Variable Substitution,Invarianat
"A: Are you feeling all right, Mary? You look a little tired.
B: My brother and I had a birthday party for my sister last night. So I didn't have much sleep.
A: Where did you have the party?
B: It was at my uncle's house.
A: Did you go back home very late?
B: Not really. But when I was home, I had to start typing a literature paper that was due first thing in the morning.
A: Couldn't you do it today?
B: No, our professor said she wouldn't accept any late papers.
A: Then how did you manage it?
B: Well, I just turned my paper in, and now I'm going home to bed. See you!",Was the birthday party a reason for Mary’s lack of sleep?,Yes,FALSE,None,-,-
"A: Are you feeling all right, Mary? You look a little tired.
B: My brother and I had a birthday party for my sister last night. So I didn't have much sleep.
A: Where did you have the party?
B: It was at my uncle's house.
A: Did you go back home very late?
B: Not really. But when I was home, I had to start typing a literature paper that was due first thing in the morning.
A: Couldn't you do it today?
B: No, our professor said she wouldn't accept any late papers.
A: Then how did you manage it?
B: Well, I just turned my paper in, and now I'm going home to bed. See you!",Was the paper submission a reason for Mary’s lack of sleep?,Yes,TRUE,Question,Variable Substitution,Invarianat
"A: Are you feeling all right, Mary? You look a little tired.
B: My brother and I had a birthday party for my sister last night. So I didn't have much sleep.
A: Where did you have the party?
B: It was at my uncle's house.
A: Did you go back home very late?
B: Not really. But when I was home, I had to start typing a literature paper that was due first thing in the morning.
A: Couldn't you do it today?
B: No, our professor said she wouldn't accept any late papers.
A: Then how did you manage it?
B: Well, I just turned my paper in, and now I'm going home to bed. See you!",Was the birthday party only reason for Mary’s lack of sleep?,No,TRUE,Question,Quantifier Change,Flip
"A: Are you feeling all right, Mary? You look a little tired.
B: My brother and I had a birthday party for my sister last night. So I didn't have sufficient sleep.
A: Where did you have the party?
B: It was at my uncle's house.
A: Did you go back home very late?
B: Not really. But when I was home, I had to start typing a literature paper that was due first thing in the morning.
A: Couldn't you do it today?
B: No, our professor said she wouldn't accept any late papers.
A: Then how did you manage it?
B: Well, I just turned my paper in, and now I'm going home to bed. See you!",Was the birthday party a reason for Mary’s lack of sleep?,Yes,TRUE,Context,Quantifier Change,Invarianat
"A: Are you feeling all right, Mary? You look a little tired.
B: My brother and I had a birthday party for my sister last night. So I didn't have much sleep.
A: Where did you have the party?
B: It was at my uncle's house.
A: Did you go back home very late?
B: Yes, that's true. But when I was home, I had to start typing a literature paper that was due first thing in the morning.
A: Couldn't you do it today?
B: No, our professor said she wouldn't accept any late papers.
A: Then how did you manage it?
B: Well, I just turned my paper in, and now I'm going home to bed. See you!",Was the birthday party a reason for Mary’s lack of sleep?,Yes,TRUE,Context,Negation,Invarianat
"A: Are you going to leave school at the end of the term?
B: Yes, I am.
A: What are you going to do?
B: I'm going to be a clerk.
A: What does a clerk do?
B: He works in an office. He writes letters and reports, and he types.
A: I want to be a vet.
B: A what?
A: A vet--a veterinary surgeon.
B: Good gracious! What is that?
A: A vet's a man who takes care of sick animals. He is an animal doctor.
B: I once read a story about a person who talked to animal. It was very interesting.
A: I think I will learn to exchange with animals, understand their feelings and become their best friend.
B: I am sure you will be a good vet.",Did B know what a vet doctor does?,No,FALSE,None,-,-
"A: Are you going to leave school at the end of the term?
B: Yes, I am.
A: What are you going to do?
B: I'm going to be a clerk.
A: What does a clerk do?
B: He works in an office. He writes letters and reports, and he types.
A: I want to be a vet.
B: A what?
A: A vet--a veterinary surgeon.
B: Good gracious! What is that?
A: A vet's a man who takes care of sick animals. He is an animal doctor.
B: I once read a story about a person who talked to animal. It was very interesting.
A: I think I will learn to exchange with animals, understand their feelings and become their best friend.
B: I am sure you will be a good vet.",Did B know what a clerk does?,Yes,TRUE,Question,Variable Substitution,Flip
"A: Are you going to leave school at the end of the term?
B: Yes, I am.
A: What are you going to do?
B: I'm going to be a clerk.
A: What does a clerk do?
B: He works in an office. He writes letters and reports, and he types.
A: I want to be a vet.
B: A what?
A: A vet--a veterinary surgeon.
B: Good gracious! What is that?
A: A vet's a man who takes care of sick animals. He is an animal doctor.
B: I once read a story about a person who talked to animal. It was very interesting.
A: I think I will learn to exchange with animals, understand their feelings or become their best friend.
B: I am sure you will be a good vet.",Did B know what a vet doctor does?,No,TRUE,Context,Logical Connective Change,Invarianat
"A: Are you going to leave school at the end of the term?
B: Yes, I am.
A: What are you going to do?
B: I'm going to be a clerk.
A: What does a clerk do?
B: He works in an office. He writes letters and reports, and he types.
A: I want to be a vet.
B: A what?
A: A vet--a veterinary surgeon.
B: Good gracious! What is that?
A: A vet's a man who takes care of sick animals. He is an animal doctor.
B: I read few stories about people who talked to animals. It was very interesting.
A: I think I will learn to exchange with animals, understand their feelings and become their best friend.
B: I am sure you will be a good vet.",Did B know what a vet doctor does?,No,TRUE,Context,Quanifier Change,Invarianat
"A: Are you going to leave school at the end of the term?
B: Yes, I am.
A: What are you going to do?
B: I'm going to be a clerk.
A: What does a clerk do?
B: He works in an office. He writes letters and reports, and he types.
A: I want to be a vet.
B: A what?
A: A vet--a veterinary surgeon.
B: Good gracious! What is that?
A: A vet's a man who takes care of sick animals. He is an animal doctor.
B: I once read a story about an animal who talked to a person. It was very interesting.
A: I think I will learn to exchange with animals, understand their feelings and become their best friend.
B: I am sure you will be a good vet.",Did B know what a vet doctor does?,No,TRUE,Context,Variable Swap,Invarianat
"A: By the way, would you like to go to the movies this evening?
B: I'd love to. But I must write some emails.
A: Why tonight?
B: I haven't written to anyone for months. Sylvia and John must think I've forgotten them.
A: You don't have to write. You can call them tomorrow. It's half price on Sundays.
B: Yes, I could, couldn't I? All right. I'll do that. What's playing then?
A: Let's see. Here we are. The Columbia: In the World. A must for all teenagers.
B: No, thank you!
A: Central: Children's World. All parents of teenage children ought to see this picture.
B: There must be something worth seeing somewhere.
A: What about this? John Wayne in Texas, Here I Come.
B: I can't stand Westerns.
A: Neither can I. Listen, Joan. I've got a better idea...
B: Let's stay at home and wash down the kitchen walls!
A: Great idea!",Did B like any of the movies playing in the nearby cinema houses?,No,FALSE,None,-,-
"A: By the way, would you like to go to the movies this evening?
B: I'd love to. But I must write some emails.
A: Why tonight?
B: I haven't written to anyone for months. Sylvia and John must think I've forgotten them.
A: You don't have to write. You can call them tomorrow. It's half price on Sundays.
B: Yes, I could, couldn't I? All right. I'll do that. What's playing then?
A: Let's see. Here we are. The Columbia: In the World. A must for all teenagers.
B: No, thank you!
A: Central: Children's World. All parents of teenage children ought to see this picture.
B: There must be something worth seeing somewhere.
A: What about this? John Wayne in Texas, Here I Come.
B: I can't stand Westerns.
A: Neither can I. Listen, Joan. I've got a better idea...
B: Let's stay at home and wash down the kitchen walls!
A: Great idea!",Did B like some of the movies playing in the nearby cinema houses?,No,TRUE,Question,Quantifier Change,Invarianat
"A: By the way, would you like to go to the movies this evening?
B: I'd love to. But I must write many emails.
A: Why tonight?
B: I haven't written to anyone for months. Sylvia and John must think I've forgotten them.
A: You don't have to write. You can call them tomorrow. It's half price on Sundays.
B: Yes, I could, couldn't I? All right. I'll do that. What's playing then?
A: Let's see. Here we are. The Columbia: In the World. A must for all teenagers.
B: No, thank you!
A: Central: Children's World. All parents of teenage children ought to see this picture.
B: There must be something worth seeing somewhere.
A: What about this? John Wayne in Texas, Here I Come.
B: I can't stand Westerns.
A: Neither can I. Listen, Joan. I've got a better idea...
B: Let's stay at home and wash down the kitchen walls!
A: Great idea!",Did B like any of the movies playing in the nearby cinema houses?,No,TRUE,Context,Quantifier Change,Invarianat
"A: By the way, would you like to go to the movies this evening?
B: I'd love to. But I must write some emails.
A: Why tonight?
B: I haven't written to anyone for months. Sylvia and John must think I've forgotten them.
A: You don't have to write. You can call them tomorrow. It's quarter the price on Sundays.
B: Yes, I could, couldn't I? All right. I'll do that. What's playing then?
A: Let's see. Here we are. The Columbia: In the World. A must for all teenagers.
B: No, thank you!
A: Central: Children's World. All parents of teenage children ought to see this picture.
B: There must be something worth seeing somewhere.
A: What about this? John Wayne in Texas, Here I Come.
B: I can't stand Westerns.
A: Neither can I. Listen, Joan. I've got a better idea...
B: Let's stay at home and wash down the kitchen walls!
A: Great idea!",Did B like any of the movies playing in the nearby cinema houses?,No,TRUE,Context,Quantity Change,Invarianat
"A: By the way, would you like to go to the movies this evening?
B: I'd love to. But I must write some emails.
A: Why tonight?
B: I haven't written to anyone for months. Sylvia and John must think I've forgotten them.
A: You don't have to write. You can call them tomorrow. It's half price on Sundays.
B: Yes, I could, couldn't I? All right. I'll do that. What's playing then?
A: Let's see. Here we are. The Texas: In the World. A must for all teenagers.
B: No, thank you!
A: Central: Children's World. All parents of teenage children ought to see this picture.
B: There must be something worth seeing somewhere.
A: What about this? John Wayne in Columbia, Here I Come.
B: I can't stand Westerns.
A: Neither can I. Listen, Joan. I've got a better idea...
B: Let's stay at home and wash down the kitchen walls!
A: Great idea!",Did B like any of the movies playing in the nearby cinema houses?,No,TRUE,Context,Variable Swap,Invarianat
"A: By the way, would you like to go to the movies this evening?
B: I'd love to. But I must write some emails.
A: Why tonight?
B: I haven't written to anyone for months. Sylvia and John must think I've forgotten them.
A: You don't have to write. You can call them tomorrow. It's half price on Sundays.
B: Yes, I could, couldn't I? All right. I'll do that. What's playing then?
A: Let's see. Here we are. The Columbia: In the World. A must for all teenagers.
B: Yes, thank you!
A: Central: Children's World. All parents of teenage children ought to see this picture.
B: There must be something worth seeing somewhere.
A: What about this? John Wayne in Texas, Here I Come.
B: I can't stand Westerns.
A: Neither can I. Listen, Joan. I've got a better idea...
B: Let's stay at home and wash down the kitchen walls!
A: Great idea!",Did B like any of the movies playing in the nearby cinema houses?,Yes,TRUE,Context,Negation,Flip
"A: Can I help you, sir?
B: Yes, please. I'd like to have a pair of shoes.
A: What size would you like, please?
B: Size eleven.
A: OK. What about this pair?
B: Sorry, I don't like white. Have you got any other colors?
A: Oh, yes. We have also got blue, brown and black.
B: Can I have a look at the black ones? Black is my favourite colour.
A: Sure. Here you are.
B: They look nice. What's the price?
A: Fifty dollars.
B: May I try them on?
A: Yes, please.
B: OK. I'll take this pair. Here's the money.
A: Thank you.",Did B like the Black Coloured Shoes?,Yes,FALSE,None,-,-
"A: Can I help you, sir?
B: Yes, please. I'd like to have a pair of shoes.
A: What size would you like, please?
B: Size eleven.
A: OK. What about this pair?
B: Sorry, I don't like white. Have you got any other colors?
A: Oh, yes. We have also got blue, brown and black.
B: Can I have a look at the black ones? Black is my favourite colour.
A: Sure. Here you are.
B: They look nice. What's the price?
A: Fifty dollars.
B: May I try them on?
A: Yes, please.
B: OK. I'll take this pair. Here's the money.
A: Thank you.",Did B like the white Coloured Shoes?,No,TRUE,Question,Variable Substitution,Flip
"A: Can I help you, sir?
B: Yes, please. I'd like to have a pair of shoes.
A: What size would you like, please?
B: Size eleven.
A: OK. What about this pair?
B: Sorry, I don't like white. Have you got any other colors?
A: Oh, yes. We have also got blue, brown and black.
B: Can I have a look at the black ones? Black is my favourite colour.
A: Sure. Here you are.
B: They look nice. What's the price?
A: Fifty dollars.
B: May I try them on?
A: Yes, please.
B: OK. I'll take this pair. Here's the money.
A: Thank you.",Did B purchase the Black Coloured Shoes?,Yes,TRUE,Question,Variable Substitution,Invarianat
"A: Can I help you, sir?
B: Yes, please. I'd like to have a pair of shoes.
A: What size would you like, please?
B: Size nine.
A: OK. What about this pair?
B: Sorry, I don't like white. Have you got any other colors?
A: Oh, yes. We have also got blue, brown and black.
B: Can I have a look at the black ones? Black is my favourite colour.
A: Sure. Here you are.
B: They look nice. What's the price?
A: Fifty dollars.
B: May I try them on?
A: Yes, please.
B: OK. I'll take this pair. Here's the money.
A: Thank you.",Did B like the Black Coloured Shoes?,Yes,TRUE,Context,Quantity Change,Invarianat
"A: Can I help you, sir?
B: Yes, please. I'd like to have a pair of shoes.
A: What size would you like, please?
B: Size eleven.
A: OK. What about this pair?
B: Sorry, I don't like blue. Have you got any other colors?
A: Oh, yes. We have also got white, brown and black.
B: Can I have a look at the black ones? Black is my favourite colour.
A: Sure. Here you are.
B: They look nice. What's the price?
A: Fifty dollars.
B: May I try them on?
A: Yes, please.
B: OK. I'll take this pair. Here's the money.
A: Thank you.",Did B like the Black Coloured Shoes?,Yes,TRUE,Context,Variable Swap,Invarianat
"A: Can I help you, sir?
B: Yes, please. I'd like to have a pair of shoes.
A: What size would you like, please?
B: Size eleven.
A: OK. What about this pair?
B: Sorry, I don't like white. Have you got any other colors?
A: Oh, yes. We have also got blue, brown and black.
B: Can I have a look at the black ones? Black is my favourite colour.
A: Sure. Here you are.
B: They look nice. What's the price?
A: Fifty dollars.
B: May I try all of them?
A: Yes, please.
B: OK. I'll take this pair. Here's the money.
A: Thank you.",Did B like the Black Coloured Shoes?,Yes,TRUE,Context,Quantifier Change,Invarianat
"A: Can I help you, sir?
B: Yes, please. I'd like to have a pair of shoes.
A: What size would you like, please?
B: Size eleven.
A: OK. What about this pair?
B: Sorry, I don't like white. Have you got any other colors?
A: Oh, yes. We have also got blue, brown and black.
B: Can I have a look at the black ones? Black is my favourite colour.
A: Sure. Here you are.
B: They look nice. What's the price?
A: Fifty dollars.
B: May I try them on?
A: Yes, please.
B: OK. I'll take this pair. Here's the money.
A: Thank you but please remember the size of these shoes decrese by an inch for every mile walked. ",Did B like the Black Coloured Shoes?,Yes,TRUE,Context,"Injecting inconsistent 
Data",Invarianat
"A: Did you have your television repaired?
B: Yes, but not by the place you recommended
A: Why not? The repair is very good and the charges are so reasonable.
B: That may be, but I couldn't find it.
A: But you couldn't miss it. I told you the first right after the railroad bridge.
B: I took that. I went to the end of the road. There is no such a place.
A: Wait a minute. Perhaps it is the second right. Yes. I think it is.
B: I should have known. Whenever someone says ""You can't miss it"", you can be sure that you won't find it.
A: I'm really sorry for my bad memory.
B: That's OK.",Did A give correct information of the location  to B?,No,FALSE,None,-,-
"A: Did you have your television repaired?
B: Yes, but not by the place you recommended.
A: Why not? The repair is very good, and the charges are so reasonable.
B: That may be, but I couldn’t find it.
A: But you couldn’t miss it. I told you the first right after the railroad bridge.
B: I took that. I went to the end of the road. There is no such place.
A: Wait a minute. Actually, it might look hidden! That shop often has a sign that’s hard to read, especially 
in the evening sun since it sets in the east and casts a shadow on the sign.
B: I should have known. Whenever someone says ""You can't miss it"", you can be sure that you won't find it.
A: I'm really sorry for my bad memory.
B: That’s OK. ",Did A give correct information of the location  to B?,Yes,TRUE,Context,"Injecting inconsistent 
Data",Flip
"A: Did you have your television repaired?
B: Yes, but not by the place you recommended
A: Why not? The repair is very good and the charges are so reasonable.
B: That may be, but I couldn't find it.
A: But you couldn't miss it. I told you the second right after the railroad bridge.
B: I took that. I went to the end of the road. There is no such a place.
A: Wait a minute. Perhaps it is the first right. Yes. I think it is.
B: I should have known. Whenever someone says ""You can't miss it"", you can be sure that you won't find it.
A: I'm really sorry for my bad memory.
B: That's OK.",Did A give correct information of the location  to B?,No,TRUE,Context,Variable Swap,Invarianat
"A: Did you have your television repaired?
B: Yes, but not by the place you recommended
A: Why not? The repair is very good and the charges are so reasonable.
B: That may be, but I couldn't find it.
A: But you couldn't miss it. I told you the first right after the railroad bridge.
B: I took that. I went to the end of the road. There is no such a place.
A: Wait a minute. Perhaps it is the second left. Yes. I think it is.
B: I should have known. Whenever someone says ""You can't miss it"", you can be sure that you won't find it.
A: I'm really sorry for my bad memory.
B: That's OK.",Did A give correct information of the location  to B?,No,TRUE,Context,Variable Substitution,Invarianat
"A: Did you have your television repaired?
B: Yes, but not by the place you recommended
A: Why not? The repair is very good and the charges are so reasonable.
B: That may be, but I couldn't find it.
A: But you couldn't miss it. I told you the first right after the railroad bridge.
B: I took that. I went to the end of the road. There is no such a place.
A: Wait a minute. Perhaps it is the second right. Yes. I think it is.
B: I should have known. Whenever someone says ""You can't miss it"", you can be sure that you won't find it.
A: I'm really sorry for my bad memory.
B: That's OK.",Did A give incorrect information of the location  to B?,Yes,TRUE,Question,Negation,Flip
"A: Do you want to go for a picinc with me tomorrow?
B: I'd like to. How about asking Jenny to go with us?
A: Oh, no. She is busy with her dancing class. You know, there is a very big performance in just a week.
B: Yes, you're right. It is really not good for her to learn dancing. Her leg hasn't completely recovered from that 
accident.
A: But she doesn't think so. She is crazy about dancing. Will you take your camera with you tomorrow?
B: I want to, but I lent it to Tom yesterday. Do you have one?
A: No, but I know Mary has got one. Let's go and ask her if she'd like to join us. But anyway, since we’ll be 
carrying a mobile phone, we can use that if we need to.
B: Ok",Will B take their camera tommorow?,No,FALSE,None,-,-
"A: Do you want to go for a picinc with me tomorrow?
B: I'd like to. How about asking Jenny to go with us?
A: Oh, no. She is busy with her dancing class. You know, there is a very big performance in just a week.
B: Yes, you're right. It is really not good for her to learn dancing. Her leg hasn't completely recovered from that 
accident.
A: But she doesn't think so. She is crazy about dancing. Will you take your camera with you tomorrow?
B: I want to, but I lent it to Tom yesterday. Do you have one?
A: No, but I know Mary has got one. Let's go and ask her if she'd like to join us. But anyway, since we’ll be 
carrying a mobile phone, we can use that if we need to.
B: Ok",Will B take their phone tommorow?,Yes,TRUE,Question,Variable Substitution,Flip
"A: Do you want to go for a picinc with me tomorrow?
B: I'd like to. How about asking Jenny to go with us?
A: Oh, yes. She is busy with her dancing class. You know, there is a very big performance in just a week.
B: Yes, you're right. It is really not good for her to learn dancing. Her leg hasn't completely recovered from that 
accident.
A: But she doesn't think so. She is crazy about dancing. Will you take your camera with you tomorrow?
B: I want to, but I lent it to Tom yesterday. Do you have one?
A: No, but I know Mary has got one. Let's go and ask her if she'd like to join us. But anyway, since we’ll be 
carrying a mobile phone, we can use that if we need to.
B: Ok",Will B take their camera tommorow?,No,TRUE,Context,Negation,Invarianat
"A: Do you want to go for a picinc with me tomorrow?
B: I'd like to. How about asking Mary to go with us?
A: Oh, no. She is busy with her dancing class. You know, there is a very big performance in just a week.
B: Yes, you're right. It is really not good for her to learn dancing. Her leg hasn't completely recovered from that 
accident.
A: But she doesn't think so. She is crazy about dancing. Will you take your camera with you tomorrow?
B: I want to, but I lent it to Tom yesterday. Do you have one?
A: No, but I know Jenny has got one. Let's go and ask her if she'd like to join us. But anyway, since we’ll be 
carrying a mobile phone, we can use that if we need to.
B: Ok",Will B take their camera tommorow?,No,TRUE,Context,Variable Swap ,Invarianat
"A: Do you want to go for a picinc with me tomorrow?
B: I'd like to. How about asking Jenny to go with us?
A: Oh, no. She is busy with her dancing class. You know, there is a very big performance in just a week.
B: Yes, you're right. It is really not good for her to learn dancing. Her leg hasn't completely recovered from that 
accident.
A: But she doesn't think so. She is crazy about dancing. Do you know that a wizard cast a spell made from 
cocoa powder and gave her newly formed legs. Will you take your camera with you tomorrow?
B: I want to, but I lent it to Tom yesterday. Do you have one?
A: No, but I know Mary has got one. Let's go and ask her if she'd like to join us. But anyway, since we’ll be 
carrying a mobile phone, we can use that if we need to.
B: Ok",Will B take their camera tommorow?,No,TRUE,Context,"Injecting inconsistent 
Data",Flip
"""A: Doctor! Doctor! Help me, please!
B: Take it easy, please! Sit here, now, what's the matter with you? And can I help you?
A: I feel sick. I have a bad stomach-ache, and my head troubles me a lot.
B: Well, let me have a check. Open your mouth please. And say """"Ah"""".
A: Ah! Is that serious, doctor?
B: Not really. Did you have your supper this evening?
A: No, I only had some bananas.
B: And the bananas were not quite ripe, right?
A: Well, yes, they were a bit green.
B: That explains it.
A: I wish I had not eaten them.
B: Take this medicine twice a day and I'm sure you'll be fine.
A: Thanks, doctor. I'll do as you told me. Good-bye, doctor.
B: Bye! And take care.""",Did A take ripe bananas in the evening?,No,FALSE,None,-,-
"""A: Doctor! Doctor! Help me, please!
B: Take it easy, please! Sit here, now, what's the matter with you? And can I help you?
A: I feel sick. I have a bad stomach-ache, and my head troubles me a lot.
B: Well, let me have a check. Open your mouth please. And say """"Ah"""".
A: Ah! Is that serious, doctor?
B: Not really. Did you have your supper this evening?
A: No, I only had some bananas.
B: And the bananas were not quite ripe, right?
A: Well, yes, they were green.
B: That explains it.
A: I wish I had not eaten them.
B: Take this medicine twice a day and I'm sure you'll be fine.
A: Thanks, doctor. I'll do as you told me. Good-bye, doctor.
B: Bye! And take care.""",Did A take unripe bananas in the evening?,Yes,TRUE,Question,Negation,Flip
"""A: Doctor! Doctor! Help me, please!
B: Take it easy, please! Sit here, now, what's the matter with you? And can I help you?
A: I feel sick. I have a bad stomach-ache, and my head troubles me a lot.
B: Well, let me have a check. Open your mouth please. And say """"Ah"""".
A: Ah! Is that serious, doctor?
B: Not really. Did you have your supper this evening?
A: No, I only had some bananas.
B: And the bananas were not quite ripe, right?
A: Well, yes, they were green.
B: That explains it.
A: I wish I had not eaten them.
B: Take this medicine twice a day and I'm sure you'll be fine.
A: Thanks, doctor. I'll do as you told me. Good-bye, doctor.
B: Bye! And take care.""",Did A take ripe apples in the evening?,No,TRUE,Question,Variable Substitution,Invarianat
"""A: Doctor! Doctor! Help me, please!
B: Take it easy, please! Sit here, now, what's the matter with you? And can I help you?
A: I feel sick. I have a bad stomach-ache, and my head troubles me a lot.
B: Well, let me have a check. Open your mouth please. And say """"Ah"""".
A: Ah! Is that serious, doctor?
B: Yes, really. Did you have your supper this evening?
A: No, I only had some bananas.
B: And the bananas were not quite ripe, right?
A: Well, yes, they were green.
B: That explains it.
A: I wish I had not eaten them.
B: Take this medicine twice a day and I'm sure you'll be fine.
A: Thanks, doctor. I'll do as you told me. Good-bye, doctor.
B: Bye! And take care.""",Did A take ripe bananas in the evening?,No,TRUE,Context,Negation,Invarianat
"""A: Doctor! Doctor! Help me, please!
B: Take it easy, please! Sit here, now, what's the matter with you? And can I help you?
A: I feel sick. I have a bad stomach-ache, and my head troubles me a lot.
B: Well, let me have a check. Open your mouth please. And say """"Ah"""".
A: Ah! Is that serious, doctor?
B: Not really. Did you have your supper this evening?
A: No, I had many bananas.
B: And the bananas were not quite ripe, right?
A: Well, yes, they were green.
B: That explains it.
A: I wish I had not eaten them.
B: Take this medicine twice a day and I'm sure you'll be fine.
A: Thanks, doctor. I'll do as you told me. Good-bye, doctor.
B: Bye! And take care.""",Did A take ripe bananas in the evening?,No,TRUE,Context,Quantifier Change,Invarianat
"""A: Doctor! Doctor! Help me, please!
B: Take it easy, please! Sit here, now, what's the matter with you? And can I help you?
A: I feel sick. I have a bad stomach-ache, and my head troubles me a lot.
B: Well, let me have a check. Open your mouth please. And say """"Ah"""".
A: Ah! Is that serious, doctor?
B: Not really. Did you have your supper this evening?
A: No, I only had some bananas.
B: And the bananas were not quite ripe, right?
A: Well, they were green.
B: That explains it.
A: I wish I had not eaten them.
B: Take this medicine three times a day and I'm sure you'll be fine.
A: Thanks, doctor. I'll do as you told me. Good-bye, doctor.
B: Bye! And take care.""",Did A take ripe bananas in the evening?,No,TRUE,Context,Quantity Change,Invarianat
"A: Excuse me. Are you waiting to buy today's film tickets?
B: Yes, I am. So are all these people in front of me.
A: Have you been here long?
B: About 45 minutes. I've moved forward a total about 3 feet.
A: Oh...
B: Not at all. A young couple who have been waited for one hour ahead of me finally gave up and left.
A: Does anyone know what caused the delay?
B: There are just not enough people selling tickets this afternoon.
A: I guess I should have come before lunch.
B: Maybe you would meet the same thing because many people have been looking forward to it for a long time.
A: Maybe it's true.",Is the delay caused by not enough ticket sellers?,Yes,FALSE,None,-,-
"A: Excuse me. Are you waiting to buy today's film tickets?
B: Yes, I am. So are all these people in front of me.
A: Have you been here long?
B: About 30 minutes. I've moved forward a total about 3 feet.
A: Oh...
B: Not at all. A young couple who have been waited for one hour ahead of me finally gave up and left.
A: Does anyone know what caused the delay?
B: There are just not enough people selling tickets this afternoon.
A: I guess I should have come before lunch.
B: Maybe you would meet the same thing because many people have been looking forward to it for a long time.
A: Maybe it's true.",Is the delay caused by not enough ticket sellers?,Yes,TRUE,Context,Quantity Change,Invarianat
"A: Excuse me. Are you waiting to buy today's film tickets?
B: Yes, I am. So are all these people in front of me.
A: Have you been here long?
B: About 45 minutes. I've moved forward a total about 3 feet.
A: Oh...
B: Not at all. A young couple who have been waited for one hour ahead of me finally gave up and left.
A: Does anyone know what caused the delay?
B: There are just not enough people selling tickets this afternoon.
A: I guess I should have come before lunch.
B: Maybe you would meet the same thing because many people have been looking forward to it for a long time.
A: Maybe it's true.",Is the delay caused by enough ticket sellers?,No,TRUE,Question,Negation,Flip
"A: Excuse me. Are you waiting to buy today's film tickets?
B: Yes, I am. So are all these people in front of me.
A: Have you been here long?
B: About 3 minutes. I've moved forward a total about 45 feet.
A: Oh...
B: Not at all. A young couple who have been waited for one hour ahead of me finally gave up and left.
A: Does anyone know what caused the delay?
B: There are just not enough people selling tickets this afternoon.
A: I guess I should have come before lunch.
B: Maybe you would meet the same thing because many people have been looking forward to it for a long time.
A: Maybe it's true.",Is the delay caused by not enough ticket sellers?,Yes,TRUE,Context,Variable Swap ,Invarianat
"A: Excuse me. Are you waiting to buy today's film tickets?
B: Yes, I am. So are all these people in front of me.
A: Have you been here long?
B: About 45 minutes. I've moved forward a total about 3 feet.
A: Oh...
B: Not at all. A young couple who have been waited for one hour ahead of me finally gave up and left.
A: Does anyone know what caused the delay?
B: There are just not enough people selling tickets this afternoon.
A: I guess I should have come before lunch.
B: Maybe you would meet the same thing because some people have been looking forward to it for a long time.
A: Maybe it's true.",Is the delay caused by not enough ticket sellers?,Yes,TRUE,Context,Quantifier Change,Invarianat
"A: Excuse me. Are you waiting to buy today's film tickets?
B: Yes, I am. So are all these people in front of me.
A: Have you been here long?
B: About 45 minutes. I've moved forward a total about 3 feet.
A: Oh...
B: Not at all. A young couple who have been waited for one hour ahead of me finally gave up and left.
A: Does anyone know what caused the delay?
B: There are just not enough people selling tickets this afternoon.
A: I guess I should have come before lunch.
B: Maybe you would meet the same thing because many people have been looking forward to it for a long time 
as this paper ticket is so special that it turns into silver jewelery after the film is over
A: Maybe it's true.",Is the delay caused by not enough ticket sellers?,Yes,TRUE,Context,"Injecting inconsistent 
Data",Invarianat
"A: Excuse me. Can I help you?
B: Er... Could I have some writing paper and envelopes?
A: Do you mean paper for writing letters?
B: Yes.
A: They are here in the showcase. Which one would you like?
B: I want this kind of paper and that kind of envelope.
A: All right, sir. Anything else?
B: Yes, five fifty-- cent stamps.
A: Er... There will be four dollars and sixty cents altogether.
B: Here is five dollars.
A: Thank you. Here is the change.
B: Thanks.",Did B ask for a kind of paper and five one-dollar stamps?,No,FALSE,None,-,-
"A: Excuse me. Can I help you?
B: Er... Could I have some writing paper and envelopes?
A: Do you mean paper for writing letters?
B: Yes.
A: They are here in the showcase. Which one would you like?
B: I want this kind of paper and that kind of envelope.
A: All right, sir. Anything else?
B: Yes, five fifty-- cent stamps.
A: Er... There will be four dollars and sixty cents altogether.
B: Here is five dollars.
A: Thank you. Here is the change.
B: Thanks.",Did B ask for a kind of paper and five fifty-cent stamps?,Yes,TRUE,Question,Variable Substitution,Flip
"A: Excuse me. Can I help you?
B: Er... Could I have some writing paper and envelopes?
A: Do you mean paper for writing letters?
B: Yes.
A: They are here in the showcase. Which one would you like?
B: I want this kind of paper and that kind of envelope.
A: All right, sir. Anything else?
B: Yes, five fifty-- cent stamps.
A: Er... There will be four dollars and sixty cents altogether.
B: Here is five dollars.
A: Thank you. Here is the change.
B: Thanks.",Did B ask for a kind of paper and ten one-dollar stamps?,No,TRUE,Question,Quantity Change,Invarianat
"A: Excuse me. Can I help you?
B: Er... Could I have some writing paper and envelopes?
A: Do you mean paper for writing letters?
B: Yes.
A: They are here in the showcase. Which one would you like?
B: I want this kind of paper and that kind of envelope.
A: All right, sir. Anything else?
B: Yes, five fifty-- cent stamps.
A: Er... There will be four dollars and sixty cents altogether.
B: Here is five dollars.
A: Thank you. Here is the change.
B: Thanks.",Did B ask for all kind of paper and five one-dollar stamps?,No,TRUE,Question,Quantifier Change,Invarianat
"A: Excuse me. Can I help you?
B: Er... Could I have some writing paper and envelopes?
A: Do you mean paper for writing letters?
B: Yes.
A: They are here in the showcase. Which one would you like?
B: I want this kind of paper and that kind of envelope.
A: All right, sir. Anything else?
B: Yes, five fifty-- cent stamps.
A: Er... There will be four dollars and sixty cents altogether.
B: Here is two dollars but in darkness it'll turn into five dollars.
A: Thank you. Here is the change.
B: Thanks.",Did B ask for a kind of paper and five one-dollar stamps?,No,TRUE,Context,"Injecting inconsistent 
Data",Invarianat
"A: Good morning, Mr. White. I wonder if you could spare a few minutes. I'd like to ask you a few questions.
B: Well, I can spare you a few minutes, but I'm very busy preparing for our exhibition, you know.
A: Just a few questions. Where is it going to be held?
B: It's going to be held in the art gallery.
A: Who is opening it?
B: It's going to be opened by Mr.Smith.
A: It's quite a big exhibition, isn't it?
B: Quite big. Some very famous paintings will be shown.
A: I believe they're sent from different countries, aren't they?
B: Yes, that's right. Quite an international event for our town.
A: Well, thank you. Mr. White. Wish you every success with the exhibition!
B: Thank you.",Is the exhibition going to be opened by Mr. Smith and held in the art gallery?,Yes,FALSE,None,-,-
"A: Good morning, Mr. White. I wonder if you could spare a few minutes. I'd like to ask you a few questions.
B: Well, I can spare you a few minutes, but I'm very busy preparing for our exhibition, you know.
A: Just a few questions. Where is it going to be held?
B: It's going to be held in the art gallery.
A: Who is opening it?
B: It's going to be opened by Mr.Johnson.
A: It's quite a big exhibition, isn't it?
B: Quite big. Some very famous paintings will be shown.
A: I believe they're sent from different countries, aren't they?
B: Yes, that's right. Quite an international event for our town.
A: Well, thank you. Mr. White. Wish you every success with the exhibition!
B: Thank you.",Is the exhibition going to be opened by Mr. Smith and held in the art gallery?,No,TRUE,Context,Variable Substitution,Flip
"A: Good morning, Mr. White. I wonder if you could spare a few minutes. I'd like to ask you a few questions.
B: Well, I can spare you a few minutes, but I'm very busy preparing for our exhibition, you know.
A: Just a few questions. Where is it going to be held?
B: It's going to be held in the art gallery.
A: Who is opening it?
B: It's going to be opened by Mr.Smith.
A: It's quite a big exhibition, isn't it?
B: Quite big. Many of the very famous paintings will be shown.
A: I believe they're sent from different countries, aren't they?
B: Yes, that's right. Quite an international event for our town.
A: Well, thank you. Mr. White. Wish you every success with the exhibition!
B: Thank you.",Is the exhibition going to be opened by Mr. Smith and held in the art gallery?,Yes,TRUE,Context,Quantifier Change,Invarianat
"A: Good morning, Mr. White. I wonder if you could spare a few minutes. I'd like to ask you a few questions.
B: Well, I can spare you a few minutes, but I'm very busy preparing for our exhibition, you know.
A: Just a few questions. Where is it going to be held?
B: It's going to be held in different countries.
A: Who is opening it?
B: It's going to be opened by Mr.Smith.
A: It's quite a big exhibition, isn't it?
B: Quite big. Some very famous paintings will be shown.
A: I believe they're sent from the art gallery, aren't they?
B: Yes, that's right. Quite an international event for our town.
A: Well, thank you. Mr. White. Wish you every success with the exhibition!
B: Thank you.",Is the exhibition going to be opened by Mr. Smith and held in the art gallery?,No,TRUE,Context,Variable Swap ,Flip
"A: Good morning, Mr. White. I wonder if you could spare a few minutes. I'd like to ask you a few questions.
B: Well, I can spare you a few minutes, but I'm very busy preparing for our exhibition, you know.
A: Just a few questions. Where is it going to be held?
B: It's going to be held in the art gallery.
A: Who is opening it?
B: It's going to be opened by Mr.Smith.
A: It's quite a big exhibition, isn't it?
B: Quite big. Some very famous paintings will be shown. The characters in the paintings will come alive if a 
big audience is present.
A: I believe they're sent from different countries, aren't they?
B: Yes, that's right. Quite an international event for our town.
A: Well, thank you. Mr. White. Wish you every success with the exhibition!
B: Thank you.",Is the exhibition going to be opened by Mr. Smith and held in the art gallery?,No,TRUE,Context,"Injecting inconsistent 
Data",Flip
"A: Good morning, sir. Can I help you?
B: I'd like to buy a blue jacket. Do you have any blue jackets?
A: Yes. What size do you wear?
B: I want Size M.
A: Here you are. Try it on and see whether it is all right for you.
B: It's all right. I like it very much. How much is it?
A: 360 Yuan.
B: Oh. That's a bit expensive. Do you have any other kind? I want a cheaper one.
A: What about this one? It's only 120 Yuan.
B: OK. I'll take this one. Here is the money.",Did B buy a blue Size M jacket for 120 Yuan?,Yes,FALSE,None,-,-
"A: Good morning, sir. Can I help you?
B: I'd like to buy a blue jacket. Do you have any blue jackets?
A: Yes. What size do you wear?
B: I want Size L.
A: Here you are. Try it on and see whether it is all right for you.
B: It's all right. I like it very much. How much is it?
A: 360 Yuan.
B: Oh. That's a bit expensive. Do you have any other kind? I want a cheaper one.
A: What about this one? It's only 120 Yuan.
B: OK. I'll take this one. Here is the money.",Did B buy a blue Size M jacket for 120 Yuan?,No,TRUE,Context,Variable Substitution,Flip
"A: Good morning, sir. Can I help you?
B: I'd like to buy a blue jacket. Do you have many blue jackets?
A: Yes. What size do you wear?
B: I want Size M.
A: Here you are. Try it on and see whether it is all right for you.
B: It's all right. I like it very much. How much is it?
A: 360 Yuan.
B: Oh. That's a bit expensive. Do you have any other kind? I want a cheaper one.
A: What about this one? It's only 120 Yuan.
B: OK. I'll take this one. Here is the money.",Did B buy a blue Size M jacket for 120 Yuan?,Yes,TRUE,Context,Quantifier Change,Invarianat
"A: Good morning, sir. Can I help you?
B: I'd like to buy a blue jacket. Do you have any blue jackets?
A: Yes. What size do you wear?
B: I don't want Size M.
A: Here you are. Try it on and see whether it is all right for you.
B: It's all right. I like it very much. How much is it?
A: 360 Yuan.
B: Oh. That's a bit expensive. Do you have any other kind? I want a cheaper one.
A: What about this one? It's only 120 Yuan.
B: OK. I'll take this one. Here is the money.",Did B buy a blue Size M jacket for 120 Yuan?,No,TRUE,Context,Negation,Flip
"A: Good morning, sir. Can I help you?
B: I'd like to buy a blue jacket. Do you have any blue jackets?
A: Yes. What size do you wear?
B: I want Size M.
A: Here you are. Try it on and see whether it is all right for you.
B: It's all right. I like it very much. How much is it?
A: 360 Yuan.
B: Oh. That's a bit expensive. Do you have any other kind? I want a cheaper one.
A: What about this one? It's only 240 Yuan.
B: OK. I'll take this one. Here is the money.",Did B buy a blue Size M jacket for 120 Yuan?,No,TRUE,Context,Quantity Change,Flip
"A: Good morning, sir. May I help you?
B: Will you please book tickets to Sanya for me?
A: Yes, sir. When will you intend to leave?
B: Next Wednesday.
A: That will be July 13. There are two flight available that day: one at 9:00 a.m., the other one at 3:30 p.m.
B: Fine. I'd like the 3:30 one.
A: 3:30 p.m. How many tickets do you need?
B: Two.
A: Wish you a wonderful trip to Sanya.
B: They say Sanya leads the world in beautiful scenery. To tell the truth, my wife has been dying to go there.",Did B book two tickets for the 3:30 p.m. flight to Sanya on July 13?,Yes,FALSE ,None,-,-
"A: Good morning, sir. May I help you?
B: Will you please book tickets to Sanya for me?
A: Yes, sir. When will you intend to leave?
B: Next Tuesday.
A: That will be July 13. There are two flight available that day: one at 9:00 a.m., the other one at 3:30 p.m.
B: Fine. I'd like the 3:30 one.
A: 3:30 p.m. How many tickets do you need?
B: Two.
A: Wish you a wonderful trip to Sanya.
B: They say Sanya leads the world in beautiful scenery. To tell the truth, my wife has been dying to go there.",Did B book two tickets for the 3:30 p.m. flight to Sanya on July 13?,Yes,TRUE,Context,Variable Substitution,Invarianat
"A: Good morning, sir. May I help you?
B: Will you please book tickets to Sanya for me?
A: Yes, sir. When will you intend to leave?
B: Next Wednesday.
A: That will be July 13. There are two flight available that day: one at 9:00 a.m., the other one at 3:30 p.m.
B: Fine. I'd like the 3:30 one.
A: 3:30 p.m. How many tickets do you need?
B: Three.
A: Wish you a wonderful trip to Sanya.
B: They say Sanya leads the world in beautiful scenery. To tell the truth, my wife has been dying to go there.",Did B book two tickets for the 3:30 p.m. flight to Sanya on July 13?,No,TRUE,Context,Quantity Change,Flip
"A: Good morning, sir. May I help you?
B: Will you please book tickets to Sanya for me?
A: Yes, sir. When will you intend to leave?
B: Next Wednesday.
A: That will be July 13. There are two flight available that day: one at 9:00 a.m., the other one at 3:30 p.m.
B: Fine. I'd like the 3:30 one.
A: 3:30 p.m. How many tickets do you need?
B: Two.
A: Wish you a wonderful trip to Sanya.
B: They say Sanya leads the world in beautiful scenery. To tell the truth, my wife has been dying to go there 
because that place can even halt aging. ",Did B book two tickets for the 3:30 p.m. flight to Sanya on July 13?,Yes,TRUE,Context,"Injecting inconsistent 
Data",Invarianat
"A: Hello!
B: Good evening, Toushmorho restaurant.
A: Oh, good evening. I'd like to order a take-away.
B: Certainly, what would you like?
A: I'd like a curry with beef, a hot lamb curry and a mild chicken curry, your special. Oh, and three portions of rice.
B: Did you know that chicken curry comes with rice?
A: Oh, I see. Better make that just two portions of rice. Thanks.",Did A reduce their order?,Yes,FALSE ,None,-,-
"A: Hello!
B: Good evening, Toushmorho restaurant.
A: Oh, good evening. I'd like to order a home delivery.
B: Certainly, what would you like?
A: I'd like a curry with beef, a hot lamb curry and a mild chicken curry, your special. Oh, and three portions of rice.
B: Did you know that chicken curry comes with rice?
A: Oh, I see. Better make that just two portions of rice. Thanks.",Did A reduce their order?,Yes,TRUE,Context,Variable Substitution,Invarianat
"A: Hello!
B: Good evening, Toushmorho restaurant.
A: Oh, good evening. I'd like to order a take-away.
B: Certainly, what would you like?
A: I'd like a curry with beef, a hot lamb curry and a mild chicken curry, your special. Oh, and three portions of rice.
B: Did you know that chicken curry comes with rice?
A: Oh, I see. Better make that just one portion of rice. Thanks.",Did A reduce their order?,Yes,TRUE,Context,Quantity Change,Invarianat
"A: Hello!
B: Good evening, Toushmorho restaurant.
A: Oh, good evening. I'd like to order a take-away.
B: Certainly, what would you like?
A: I'd like a curry with beef, a hot lamb curry and a mild chicken curry, your special. Oh, and three portions of rice.
B: Did you know that chicken curry comes with rice?
A: Oh, I see. But I heard that the rice you serve with chicken curry disappears after a while! Better stick to 
three portions of rice. Thanks.",Did A reduce their order?,No,TRUE,Context,"Injecting inconsistent 
Data",Flip
"A: Hello. Milton Hotel. Can I help you?
B: I want a reservation. Can I have it now?
A: Of course. What kind of taste do you like for your dinner?
B: I prefer Chinese dishes.
A: Would you like to sit in a smoking section, a non-smoking section or an open one?
B: A non-smoking section.
A: I'm awfully sorry, but we haven't got the section left now. Would you like to wait for a while?
B: Not at all. An open section will do, too.
A: OK. See you then.",Did B agree to wait for a non-smoking section?,No,FALSE,None,-,-
"A: Hello. Milton Hotel. Can I help you?
B: I want a reservation. Can I have it now?
A: Of course. What kind of taste do you like for your dinner?
B: I prefer Chinese dishes.
A: Would you like to sit in a smoking section, a non-smoking section or an open one?
B: A smoking section.
A: I'm awfully sorry, but we haven't got the section left now. Would you like to wait for a while?
B: Not at all. An open section will do, too.
A: OK. See you then.",Did B agree to wait for a non-smoking section?,No,TRUE,Context,Negation,Invarianat
"A: Hello. Milton Hotel. Can I help you?
B: I want a reservation. Can I have it now?
A: Of course. What kind of taste do you like for your dinner?
B: I prefer Chinese dishes.
A: Would you like to sit in a smoking section, a non-smoking section or the open one?
B: A non-smoking section.
A: I'm awfully sorry, but we haven't got the section left now. Would you like to wait for a while?
B: Not at all. An open section will do, too.
A: OK. See you then.",Did B agree to wait for a non-smoking section?,No,TRUE,Context,Quantifier Change,Invarianat
"A: Hello. Milton Hotel. Can I help you?
B: I want a reservation. Can I have it now?
A: Of course. What kind of taste do you like for your dinner?
B: I prefer Chinese dishes.
A: Would you like to sit in a smoking section, a non-smoking section or an open one?
B: A non-smoking section.
A: I'm awfully sorry, but we haven't got the section left now. Would you like to wait for a while?
B: Yes, sure. An open section will do, too.
A: OK. See you then.",Did B agree to wait for a non-smoking section?,Yes,TRUE,Context,Negation,Flip
"A: Hello. Milton Hotel. Can I help you?
B: I want a reservation. Can I have it now?
A: Of course. What kind of taste do you like for your dinner?
B: I prefer italian dishes.
A: Would you like to sit in a smoking section, a non-smoking section or an open one?
B: A non-smoking section.
A: I'm awfully sorry, but we haven't got the section left now. Would you like to wait for a while?
B: Not at all. An open section will do, too.
A: OK. See you then.",Did B agree to wait for a non-smoking section?,No,TRUE,Context,Variable Substitution ,Invarianat
"A: Hi, Bill, you look happy.
B: Yes, I've just seen a very funny film on TV.
A: What was it about?
B: It was about a careless man who got into trouble wherever he went. He couldn't do anything right.
A: So you like it?
B: Yes, I do. It made me laugh a lot.
A: But I'd rather see something not only interesting but also instructive.
B: Oh, Jane, don't be so serious. People sometimes need relaxation.
A: That's true. But I just think that watching TV is not just for entertainment.",Is TV meant for relaxation according to Bill?,Yes,FALSE,None,-,-
"A: Hi, Jane, you look happy.
B: Yes, I've just seen a very funny film on TV.
A: What was it about?
B: It was about a careless man who got into trouble wherever he went. He couldn't do anything right.
A: So you like it?
B: Yes, I do. It made me laugh a lot.
A: But I'd rather see something not only interesting but also instructive.
B: Oh, Bill, don't be so serious. People sometimes need relaxation.
A: That's true. But I just think that watching TV is not just for entertainment.",Is TV meant for relaxation according to Bill?,No,TRUE,Context,Variable Swap ,Flip
"A: Hi, Bill, you look happy.
B: Yes, I've just seen a very funny film on TV.
A: What was it about?
B: It was about a careless man who got into trouble wherever he went. He couldn't do anything right.
A: So you like it?
B: Yes, I do. It made me laugh a little.
A: But I'd rather see something not only interesting but also instructive.
B: Oh, Jane, don't be so serious. People sometimes need relaxation.
A: That's true. But I just think that watching TV is not just for entertainment.",Is TV meant for relaxation according to Bill?,Yes,TRUE,Context,Quantifier Change,Invarianat
"A: Hi, Bill, you look happy.
B: Yes, I've just seen a very funny film on TV.
A: What was it about?
B: It was about a careless man who got into trouble wherever he went. He couldn't do anything right.
A: So you like it?
B: Yes, I do. It made me laugh a lot.
A: But I'd rather see something not only interesting but also instructive.
B: Oh, Jane, don't be so serious. People sometimes need relaxation.
A: That's true. But I just think that watching TV is not just for entertainment.",Is TV meant for relaxation according to Jane?,No,TRUE,Question,Variable Substitution,Flip
"A: Hi, Bill, you look happy.
B: Yes, I've just seen a very funny film on TV.
A: What was it about?
B: It was about a careless man who got into trouble wherever he went. He couldn't do anything right.
A: So you like it?
B: Yes, I do. It made me laugh a lot.
A: But I'd rather see something not only interesting but also instructive.
B: Oh, Jane, don't be so serious. People sometimes need relaxation.
A: That's true. But I just think that watching TV is not just for entertainment. Also, laughing too much while 
watching TV can bring the characters to life. ",Is TV meant for relaxation according to Bill?,Yes,TRUE,Context,"Injecting inconsistent 
Data",Invarianat
"A: Hi, Mrs. Smith. Nice to see you here.
B: Hi, Mr. White. I'm here to buy a pair of shoes for Tom again.
A: He wore out the pair you bought last month?
B: Yes. Sometimes I think I should buy him a pair of iron shoes.
A: Oh, no. What you need is a pair of strong and comfortable shoes.
B: What's your suggestion?
A: Maybe you should buy him a pair of leather shoes.
B: Tom doesn't like leather shoes.
A: How about sports shoes? They are strong and comfortable.
B: It seems that is the only choice. All right. I'll take your suggestion. How about this pair?
A: They are good.",Does Tom like leather shoes?,No,FALSE,None,-,-
"A: Hi, Mrs. White. Nice to see you here.
B: Hi, Mr. Smith. I'm here to buy a pair of shoes for Tom again.
A: He wore out the pair you bought last month?
B: Yes. Sometimes I think I should buy him a pair of iron shoes.
A: Oh, no. What you need is a pair of strong and comfortable shoes.
B: What's your suggestion?
A: Maybe you should buy him a pair of leather shoes.
B: Tom doesn't like leather shoes.
A: How about sports shoes? They are strong and comfortable.
B: It seems that is the only choice. All right. I'll take your suggestion. How about this pair?
A: They are good.",Does Tom like leather shoes?,No,TRUE,Context,Variable Swap ,Invarianat
"A: Hi, Mrs. Smith. Nice to see you here.
B: Hi, Mr. White. I'm here to buy a pair of shoes for Tom again.
A: He wore out the pair you bought last month?
B: Yes. Sometimes I think I should buy him a pair of iron shoes.
A: Oh, no. What you need is a pair of strong and comfortable shoes.
B: What's your suggestion?
A: Maybe you should buy him a pair of leather shoes.
B: Tom does like leather shoes.
A: How about sports shoes? They are strong and comfortable.
B: It seems that is the only choice. All right. I'll take your suggestion. How about this pair?
A: They are good.",Does Tom like leather shoes?,Yes,TRUE,Context,Negation,Flip
"A: Hi, Mrs. Smith. Nice to see you here.
B: Hi, Mr. White. I'm here to buy a pair of shoes for Tom again.
A: He wore out the pair you bought last month?
B: Yes. Sometimes I think I should buy him a pair of iron shoes.
A: Oh, no. What you need is a pair of strong and comfortable shoes.
B: What's your suggestion?
A: Maybe you should buy him a pair of leather shoes.
B: Tom doesn't like leather shoes.
A: How about Canvas shoes? They are strong and comfortable.
B: It seems that is the only choice. All right. I'll take your suggestion. How about this pair?
A: They are good.",Does Tom like leather shoes?,No,TRUE,Context,Variable Substitution,Invarianat
"A: Hi, Mrs. Smith. Nice to see you here.
B: Hi, Mr. White. I'm here to buy a pair of shoes for Tom again.
A: He wore out the pair you bought last month?
B: Yes. Sometimes I think I should buy him a pair of iron shoes.
A: Oh, no. What you need is a pair of strong and comfortable shoes.
B: What's your suggestion?
A: Maybe you should buy him a pair of leather shoes.
B: Tom doesn't like leather shoes. He says that those shoes disappear into thin air every full moon.
A: How about sports shoes? They are strong and comfortable.
B: It seems that is the only choice. All right. I'll take your suggestion. How about this pair?
A: They are good.",Does Tom like leather shoes?,No,TRUE,Context,"Injecting inconsistent 
Data",Invarianat
"A: Hi, Nice to see you again!
B: Hi! I haven't seen you for quite a long time. What are you doing these days?
A: I'm taking a country music course.
B: Oh, really? How interesting! What are you learning from the course?
A: A lot of things, you know, such as the history of country music, singing, and how to play a guitar.
B: That's great. Well, talking about country music reminds me of a famous singer, John Denver. Have 
you ever heard of him?
A: Sure. His song ""Country reads take me home"" is popular both in the USA and in China.
B: Yes, that's true. Did you hear the bad news about him?
A: what was it?
B: He had an accident while flying his plane alone, and he was killed.
A: That's a big loss for country music.",Is John Denver’s song popular only in USA?,No,FALSE,None,-,-
"A: Hi, Nice to see you again!
B: Hi! I haven't seen you for quite a long time. What are you doing these days?
A: I'm taking a country music course.
B: Oh, really? How interesting! What are you learning from the course?
A: A lot of things, you know, such as the history of country music, singing, and how to play a guitar.
B: That's great. Well, talking about country music reminds me of a famous singer, John Denver. Have 
you ever heard of him?
A: Sure. His song ""Country reads take me home"" is popular both in the USA and in China.
B: Yes, that's true. Did you hear the bad news about him?
A: what was it?
B: He had an accident while flying his plane alone, and he was killed.
A: That's a big loss for country music.",Is John Denver’s song popular only in China?,No,TRUE,Question,Variable Substitution,Invarianat
"A: Hi, Nice to see you again!
B: Hi! I haven't seen you for quite a long time. What are you doing these days?
A: I'm taking a country music course.
B: Oh, really? How interesting! What are you learning from the course?
A: A lot of things, you know, such as the history of country music, singing, and how to play a guitar.
B: That's great. Well, talking about country music reminds me of a famous singer, John Denver. Have 
you ever heard of him?
A: Sure. His song ""Country reads take me home"" is popular both in the USA and in China.
B: Yes, that's true. Did you hear the bad news about him?
A: what was it?
B: He had an accident while flying his plane alone, and he was killed.
A: That's a big loss for country music.",Is John Denver’s song popular in USA?,Yes,TRUE,Question,Quantifier Change,Flip
"A: Hi, Nice to see you again!
B: Hi! I haven't seen you for quite a long time. What are you doing these days?
A: I'm taking a country guitar course.
B: Oh, really? How interesting! What are you learning from the course?
A: A lot of things, you know, such as the history of country music, singing, and how to play a music.
B: That's great. Well, talking about country music reminds me of a famous singer, John Denver. Have 
you ever heard of him?
A: Sure. His song ""Country reads take me home"" is popular both in the USA and in China.
B: Yes, that's true. Did you hear the bad news about him?
A: what was it?
B: He had an accident while flying his plane alone, and he was killed.
A: That's a big loss for country music.",Is John Denver’s song popular only in USA?,No,TRUE,Context,Variable Swap ,Invarianat
"A: Hi, Nice to see you again!
B: Hi! I haven't seen you for quite a long time. What are you doing these days?
A: I'm taking a country music course.
B: Oh, really? How interesting! What are you learning from the course?
A: A lot of things, you know, such as the history of country music, singing, and how to play a guitar.
B: That's great. Well, talking about country music reminds me of a famous singer, John Denver. Have 
you ever heard of him?
A: Sure. His song ""Country reads take me home"" is popular both in the USA and in China.
B: Yes, that's true. Did you hear the bad news about him?
A: what was it?
B: He had an accident while flying his plane alone, and he was killed. But he’s still releasing songs, only that 
the number has significantly decreased. 
A: That's a big loss for country music.",Is John Denver’s song popular only in USA?,No,TRUE,Context,"Injecting inconsistent 
Data",Invarianat
"A: Hi. May I help you?
B: Yeah. I'd like to rent these movies.
A: Okay. Do you have your membership card?
B: No I don't. Do I need one to rent videos here?
A: Yes, and it's free.
B: Okay, how much are movie rentals anyway?
A: Well, new releases are $5, and all other movies are $2.
B: Oh, well, I'll just take these tonight. And when do I need to return them?
A: They're to be back the day after tomorrow by ten p.m..
B: Tuesday, okay.
A: Be sure to return them on time.
B: Okay. Thanks.",Are new releases more expensive to rent than other movies?,Yes,FALSE,None,-,-
"A: Hi. May I help you?
B: Yeah. I'd like to rent these movies.
A: Okay. Do you have your membership card?
B: No I don't. Do I need one to rent videos here?
A: Yes, and it's free.
B: Okay, how much are movie rentals anyway?
A: Well, new releases are $2, and all other movies are $5.
B: Oh, well, I'll just take these tonight. And when do I need to return them?
A: They're to be back the day after tomorrow by ten p.m..
B: Tuesday, okay.
A: Be sure to return them on time.
B: Okay. Thanks.",Are new releases more expensive to rent than other movies?,No,TRUE,Context,Variable Swap ,Flip
"A: Hi. May I help you?
B: Yeah. I'd like to rent these movies.
A: Okay. Do you have your membership card?
B: Yes, I do. Do I need one to rent videos here?
A: Yes, and it's free.
B: Okay, how much are movie rentals anyway?
A: Well, new releases are $5, and all other movies are $2.
B: Oh, well, I'll just take these tonight. And when do I need to return them?
A: They're to be back the day after tomorrow by ten p.m..
B: Tuesday, okay.
A: Be sure to return them on time.
B: Okay. Thanks.",Are new releases more expensive to rent than other movies?,Yes,TRUE,Context,Negation,Invarianat
"A: Hi. May I help you?
B: Yeah. I'd like to rent these movies.
A: Okay. Do you have your membership card?
B: No I don't. Do I need one to rent videos here?
A: Yes, and it's free.
B: Okay, how much are movie rentals anyway?
A: Well, new releases are $1, and all other movies are $2.
B: Oh, well, I'll just take these tonight. And when do I need to return them?
A: They're to be back the day after tomorrow by ten p.m..
B: Tuesday, okay.
A: Be sure to return them on time.
B: Okay. Thanks.",Are new releases more expensive to rent than other movies?,No,TRUE,Context,Quantity Change,Flip
"A: Hi. May I help you?
B: Yeah. I'd like to rent these movies.
A: Okay. Do you have your membership card?
B: No I don't. Do I need one to rent videos here?
A: Yes, and it's free.
B: Okay, how much are movie rentals anyway?
A: Well, new releases are $5, and all other movies are $2.
B: Oh, well, I'll just take these tonight. And when do I need to return them?
A: They're to be back the day after tomorrow by ten p.m..
B: Wednesday, okay.
A: Be sure to return them on time.
B: Okay. Thanks.",Are new releases more expensive to rent than other movies?,Yes,TRUE,Context,Variable Substitution,Invarianat
"A: Hi. May I help you?
B: Yeah. I'd like to rent these movies.
A: Okay. Do you have your membership card?
B: No I don't. Do I need one to rent videos here?
A: Yes, but it's not free.
B: Okay, how much are movie rentals anyway?
A: Well, new releases are $5, and all other movies are $2.
B: Oh, well, I'll just take these tonight. And when do I need to return them?
A: They're to be back the day after tomorrow by ten p.m.. 
B: Tuesday, okay.
A: Be sure to return them on time.
B: Okay. Thanks.",Are new releases more expensive to rent than other movies?,Yes,TRUE,Context,Negation,Invarianat
"A: I feel terrible. I really need to relax. Do you know any good ways to fight stress?
B: Yeah, in fact, I read in a health magazine that you should drink two cups of lemon tea every day to fight stress.
A: Lemon tea?
B: That's right. Lemon tea makes you feel more relaxed. And also, you should eat low stress foods like apples 
and grapes.
A: Sounds very strange, I guess hamburgers and French fries cause stress, right?
B: Yep. Hamburgers are high stress food.
A: Well, I guess I need to change my diet.",Is apple a low stress food?,Yes,FALSE,None,-,-
"A: I feel terrible. I really need to relax. Do you know any good ways to fight stress?
B: Yeah, in fact, I read in a health magazine that you should drink two cups of lemon tea every day to fight stress.
A: Lemon tea?
B: That's right. Lemon tea makes you feel more relaxed. And also, you should eat low stress foods like apples 
and grapes.
A: Sounds very strange, I guess hamburgers and French fries cause stress, right?
B: Yep. Hamburgers are high stress food.
A: Well, I guess I need to change my diet.",Is grapes a low stress food?,Yes,TRUE,Question,Variable Substitution,Invarianat
"A: I feel terrible. I really need to relax. Do you know any good ways to fight stress?
B: Yeah, in fact, I read in a health magazine that you should drink two cups of lemon tea every day to fight stress.
A: Lemon tea?
B: That's right. Lemon tea makes you feel more relaxed. And also, you should eat low stress foods like apples 
and grapes.
A: Sounds very strange, I guess hamburgers and French fries cause stress, right?
B: Yep. Hamburgers are high stress food.
A: Well, I guess I need to change my diet.",Is hamburger a low stress food?,No,TRUE,Question,Variable Substitution,Flip
"A: I feel terrible. I really need to relax. Do you know any good ways to fight stress?
B: Yeah, in fact, I read in a health magazine that you should drink two cups of lemon tea every day to fight stress.
A: Lemon tea?
B: That's right. Lemon tea makes you feel more relaxed. And also, you should eat low stress foods like french 
fries and grapes.
A: Sounds very strange, I guess hamburgers and apples cause stress, right?
B: Yep. Hamburgers are high stress food.
A: Well, I guess I need to change my diet.",Is apple a low stress food?,No,TRUE,Context,Variable Swap,Flip
"A: I feel terrible. I really need to relax. Do you know any good ways to fight stress?
B: Yeah, in fact, I read in a health magazine that you should drink three cups of lemon tea every day to fight 
stress.
A: Lemon tea?
B: That's right. Lemon tea makes you feel more relaxed. And also, you should eat low stress foods like apples 
and grapes.
A: Sounds very strange, I guess hamburgers and French fries cause stress, right?
B: Yep. Hamburgers are high stress food.
A: Well, I guess I need to change my diet.",Is apple a low stress food?,Yes,TRUE,Context,Quantity Change,Invarianat
"A: I feel terrible. I really need to relax. Do you know any good ways to fight stress?
B: Yeah, in fact, I read in a health magazine that you should drink two cups of lemon tea every day to fight stress.
A: Lemon tea?
B: That's right. Lemon tea makes you feel more relaxed. And also, you should eat low stress foods like apples 
and grapes.
A: Sounds very strange, I guess hamburgers and French fries cause stress, right?
B: Yep. Hamburgers are high stress food.
A: Well, I guess I don't need to change my diet.",Is apple a low stress food?,Yes,TRUE,Context,Negation,Invarianat
"A: I feel terrible. I really need to relax. Do you know any good ways to fight stress?
B: Yeah, in fact, I read in a health magazine that you should drink two cups of lemon tea every day to fight stress.
A: Lemon tea?
B: That's right. Lemon tea makes you feel more relaxed. And also, you should eat low stress foods like apples 
and grapes.
A: Sounds very strange, I guess hamburgers or French fries cause stress, right?
B: Yep. Hamburgers are high stress food.
A: Well, I guess I need to change my diet.",Is apple a low stress food?,Yes,TRUE,Context,Logical Connective Change,Invarianat
"A: I feel terrible. I really need to relax. Do you know any good ways to fight stress?
B: Yeah, in fact, I read in a health magazine that you should drink two cups of lemon tea every day to fight stress. 
A: Lemon tea?
B: That's right. Lemon tea makes you feel more relaxed. And also, you should eat low stress foods like apples 
and grapes. Also wearing socks with lemon patterns can help reduce stress too.
A: Sounds very strange, I guess hamburgers and French fries cause stress, right?
B: Yep. Hamburgers are high stress food.
A: Well, I guess I need to change my diet.",Is apple a low stress food?,Yes,TRUE,Context,"Injecting inconsistent 
Data",Invarianat
"A: Hi Tom! I hear you're going home, aren't you?
B: I wanted to go on Monday, but I couldn't get a ticket for Monday, I bought a ticket for Tuesday.
A: Why are you in such a hurry?
B: My mother is ill. She has been sent to the hospital.
A: How did you get the news? Did your mother send you a letter?
B: My sister telephoned me this morning. She asked my father and me to go back.
A: Then how long are you going to stay at home, two or three days?
B: At most four days. I'll be back for the meeting.",Did Tom's father telephone him regarding his mother's situation?,No,FALSE,None,-,-
"A: Hi Tom! I hear you're going home, aren't you?
B: I wanted to go on Monday, but I couldn't get a ticket for Monday, I bought a ticket for Tuesday.
A: Why are you in such a hurry?
B: My mother is ill. She has been sent to the hospital.
A: How did you get the news? Did your mother send you a letter?
B: My sister telephoned me this morning. She asked my father and me to go back.
A: Then how long are you going to stay at home, two or three days?
B: At most three days. I'll be back for the meeting.",Did Tom's father telephone him regarding his mother's situation?,No,TRUE,Context,Quantity Change,Invarianat
"A: Hi Tom! I hear you're going home, aren't you?
B: I wanted to go on Monday, but I couldn't get a ticket for Monday, I bought a ticket for Tuesday.
A: Why are you in such a hurry?
B: My mother is ill. She hasn't been sent to the hospital.
A: How did you get the news? Did your mother send you a letter?
B: My sister telephoned me this morning. She asked my father and me to go back.
A: Then how long are you going to stay at home, two or three days?
B: At most four days. I'll be back for the meeting.",Did Tom's father telephone him regarding his mother's situation?,No,TRUE,Context,Negation,Invarianat
"A: Hi Tom! I hear you're going home, aren't you?
B: I wanted to go on Monday, but I couldn't get a ticket for Monday, I bought a ticket for Tuesday.
A: Why are you in such a hurry?
B: My mother is ill. She has been sent to the hospital.
A: How did you get the news? Did your mother send you a letter?
B: My father telephoned me this morning. He asked my sister and me to go back.
A: Then how long are you going to stay at home, two or three days?
B: At most four days. I'll be back for the meeting.",Did Tom's father telephone him regarding his mother's situation?,Yes,TRUE,Context,Variable Swap ,Flip
"A: Hi Tom! I hear you're going home, aren't you?
B: I wanted to go on Monday, but I couldn't get a ticket for Monday, I bought a ticket for Tuesday.
A: Why are you in such a hurry?
B: My mother is ill. She has been sent to the hospital.
A: How did you get the news? Did your mother send you a letter?
B: My sister telephoned me this morning. She asked my father and me to go back.
A: Then how long are you going to stay at home, two or three days?
B: At most four days. I'll be back for the meeting.",Did Tom's sister telephone him regarding his mother's situation?,Yes,TRUE,Question,Variable Substitution,Flip
"A: I keep feeling dizzy, and I've got a headache.
B: How long has this been going on?
A: It started yesterday.
B: You've been studying too much recently.
A: I have no other choice. Next month will be the most important exam of this term.
B: I can understand that. But anyway, you should take better care of yourself.
A: What should I do now?
B: I think you should stay in bed for a little while and I will call the doctor.
A: It's very kind of you. Thank you very much.",Did headache start today for A due to exam?,No,FALSE,None,-,-
"A: I keep feeling dizzy, and I've got a headache.
B: How long has this been going on?
A: It started yesterday.
B: You've been studying too much recently.
A: I have no other choice. Next month will be the most important exam of this term.
B: I can understand that. But anyway, you should take better care of yourself.
A: What should I do now?
B: I think you should stay in bed for a little while and I will call the doctor.
A: It's very kind of you. Thank you very much.",Did headache start yesterday for A due to exam?,Yes,TRUE,Question,Variable Substitution ,Flip
"A: I keep feeling dizzy, and I've got a headache.
B: How long has this been going on?
A: It started today.
B: You've been studying too much recently.
A: I have no other choice. Next month will be the most important exam of this term.
B: I can understand that. But anyway, you should take better care of yourself.
A: What should I do now?
B: I think you should stay in bed for a little while and I will call the doctor.
A: It's very kind of you. Thank you very much.",Did headache start today for A due to exam?,Yes,TRUE,Context,Variable Substitution ,Flip
"A: I keep feeling dizzy, and I've got a headache.
B: How long has this been going on?
A: It started yesterday.
B: You've been studying too much recently.
A: I have no other choice. Next month will be the most important exam of this term.
B: I can understand that. But anyway, you should take better care of yourself.
A: What should I do now?
B: I think you should stay in bed for a long while and I will call the doctor.
A: It's very kind of you. Thank you very much.",Did headache start today for A due to exam?,No,TRUE,Context,Quantifier Change,Invarianat
"A: I keep feeling dizzy, and I've got a headache.
B: How long has this been going on?
A: It started yesterday.
B: You've been studying too much recently.
A: I have no other choice. Next month will be the most important exam of this term.
B: I can understand that. But anyway, you should take better care of yourself.
A: What should I do now?
B: I think you should stay in bed for a little while or I will call the doctor.
A: It's very kind of you. Thank you very much.",Did headache start today for A due to exam?,No,TRUE,Context,"Logical Connective 
Change",Invarianat
"A: I keep feeling dizzy, and I've got a headache.
B: How long has this been going on?
A: It started yesterday.
B: You've been studying too much recently.
A: I have no other choice. Next month will be the most important exam of this term.
B: I can't understand that. But anyway, you should take better care of yourself.
A: What should I do now?
B: I think you should stay in bed for a little while and I will call the doctor.
A: It's very kind of you. Thank you very much.",Did headache start today for A due to exam?,No,TRUE,Context,Negation,Invarianat
"A: I'm going to the store. What do we need?
B: Um, what do you want for dinner tonight?
A: How about chicken?
B: We had chicken last night.
A: Yeah, that was really good. I want some more of that.
B: I'll make more next week. How about beef?
A: I've got sick of that.
B: What about noodles for tonight?
A: Sure, I'd like that. I'll get some noodles and some mushrooms and onions.
B: Sounds good. Oh, and get some potatoes and tomatoes for a salad.
A: Do we have dessert?
B: No, we don't. Why don't you get a melon?",Did both of them agree with the idea of having beef tonight?,No,FALSE,None,-,-
"A: I'm going to the store. What do we need?
B: Um, what do you want for dinner tonight?
A: How about chicken?
B: We had chicken last night.
A: Yeah, that was really good. I want some more of that.
B: I'll make more next week. How about beef?
A: I've got sick of that.
B: What about noodles for tonight?
A: Sure, I'd like that. I'll get some noodles and some mushrooms and onions.
B: Sounds good. Oh, and get some potatoes and tomatoes for a salad.
A: Do we have dessert?
B: No, we don't. Why don't you get a melon?",Did both of them agree with the idea of having chicken tonight?,No,TRUE,Question,Variable Substitution,Invarianat
"A: I'm going to the store. What do we need?
B: Um, what do you want for dinner tonight?
A: How about chicken?
B: We had chicken last night.
A: Yeah, that was really good. I want some more of that.
B: I'll make more next week. How about beef?
A: I've got sick of that.
B: What about noodles for tonight?
A: Sure, I'd like that. I'll get some noodles and some mushrooms and onions.
B: Sounds good. Oh, and get some potatoes and tomatoes for a salad.
A: Do we have dessert?
B: No, we don't. Why don't you get a melon?",Did both of them agree with the idea of having noodles tonight?,Yes,TRUE,Question,Variable Substitution,Flip
"A: I'm going to the store. What do we need?
B: Um, what do you want for dinner tonight?
A: How about chicken?
B: We had chicken last night.
A: Yeah, that was really good. I want some more of that.
B: I'll make more next week. How about beef?
A: I've got sick of that.
B: What about noodles for tonight?
A: Sure, I'd like that. I'll get some noodles and some mushrooms or onions.
B: Sounds good. Oh, and get some potatoes and tomatoes for a salad.
A: Do we have dessert?
B: No, we don't. Why don't you get a melon?",Did both of them agree with the idea of having beef tonight?,No,TRUE,Context,"Logical Connective 
Change",Invarianat
"A: I'm going to the store. What do we need?
B: Um, what do you want for dinner tonight?
A: How about chicken?
B: We had chicken last night.
A: Yeah, that was really good. I want some more of that.
B: I'll make more next week. How about beef?
A: I've got sick of that.
B: What about noodles for tonight?
A: Sure, I'd like that. I'll get some noodles and several mushrooms and onions.
B: Sounds good. Oh, and get some potatoes and tomatoes for a salad.
A: Do we have dessert?
B: No, we don't. Why don't you get a melon?",Did both of them agree with the idea of having beef tonight?,No,TRUE,Context,Quantifier Change,Invarianat
"A: I'm really mad at Mom and Dad.
B: Why? What did they do?
A: I asked them for a leather jacket for my birthday, and they just got me this ugly raincoat.
B: Oh, come on! It's a beautiful raincoat.
A: I don't care! I wanted a leather jacket. I tried on Bill's, and I looked great in it.
B: You know a leather jacket is expensive. Maybe they didn't have enough money.
A: I want to return it and get a leather jacket! All my friends have leather jackets.
B: They don't all have leather jackets.
A: Anyway, on your birthday Mom and Dad gave you what you asked for!
B: That's true, but all I asked for was a pair of new jeans!
A: I hate this raincoat.
B: All right, how much is a leather jacket?
A: If I return this raincoat, I only need another $ 50.
B: OK. I'll lend you the $ 50, but you have to pay me back.
A: Great! I'll pay you back, sis!",Did A want a leather jacket for their birthday?,Yes,FALSE,None,-,-
"A: I'm really mad at Mom and Dad.
B: Why? What did they do?
A: I asked them for a leather jacket for my birthday, and they just got me this ugly raincoat.
B: Oh, come on! It's a beautiful raincoat.
A: I don't care! I wanted a leather jacket. I tried on Bill's, and I looked great in it.
B: You know a leather jacket is expensive. Maybe they didn't have enough money.
A: I want to return it and get a leather jacket! All my friends have leather jackets.
B: They don't all have leather jackets.
A: Anyway, on your birthday Mom and Dad gave you what you asked for!
B: That's true, but all I asked for was a pair of new jeans!
A: I hate this raincoat.
B: All right, how much is a leather jacket?
A: If I return this raincoat, I only need another $ 50.
B: OK. I'll lend you the $ 50, but you have to pay me back.
A: Great! I'll pay you back, sis!",Did A want a pair of jeans for their birthday?,No,TRUE,Question,Variable Substitution ,Flip
"A: I'm really mad at Mom and Dad.
B: Why? What did they do?
A: I asked them for a leather jacket for my birthday, and they just got me this ugly raincoat.
B: Oh, come on! It's a beautiful raincoat.
A: I don't care! I wanted a leather jacket. I tried on Bill's, and I looked great in it.
B: You know a leather jacket is expensive. Maybe they didn't have enough money.
A: I want to return it and get a leather jacket! All my friends have leather jackets.
B: They all have leather jackets.
A: Anyway, on your birthday Mom and Dad gave you what you asked for!
B: That's true, but all I asked for was a pair of new jeans!
A: I hate this raincoat.
B: All right, how much is a leather jacket?
A: If I return this raincoat, I only need another $ 50.
B: OK. I'll lend you the $ 50, but you have to pay me back.
A: Great! I'll pay you back, sis!",Did A want a leather jacket for their birthday?,Yes,TRUE,Context,Negation,Invarianat
"A: I'm really mad at Mom and Dad.
B: Why? What did they do?
A: I asked them for a leather jacket for my birthday, and they just got me this ugly raincoat.
B: Oh, come on! It's a beautiful raincoat.
A: I don't care! I wanted a leather jacket. I tried on Bill's, and I looked great in it.
B: You know a leather jacket is expensive. Maybe they didn't have enough money.
A: I want to return it and get a leather jacket! Some of my friends have leather jackets.
B: They don't all have leather jackets.
A: Anyway, on your birthday Mom and Dad gave you what you asked for!
B: That's true, but all I asked for was a pair of new jeans!
A: I hate this raincoat.
B: All right, how much is a leather jacket?
A: If I return this raincoat, I only need another $ 50.
B: OK. I'll lend you the $ 50, but you have to pay me back.
A: Great! I'll pay you back, sis! ",Did A want a leather jacket for their birthday?,Yes,TRUE,Context,Quantifier Change,Flip
"A: It's a beautiful day, isn't it?
B: Yes, nice and sunny.
A: It's much better than last week. It was too warm then.
B: I'm glad summer is over. I like autumn best.
A: So do I. It's neither too hot nor too cold. The sky is clear and blue.
B: It's a good time to have a picnic. Do you want to have one this weekend.
A: I'd love to, but I think it's going to rain. The weatherman said it will.
B: I don't think he's right. It hasn't rained for a week.
A: But he is usually right in his weather news.
B: I'm sure we'll have fine weather for our picnic.",Does B think the weather will be good for the picnic this weekend?,Yes,FALSE,None,-,-
"A: It's a beautiful day, isn't it?
B: Yes, nice and sunny.
A: It's much better than last week. It was slightly warm then.
B: I'm glad summer is over. I like autumn best.
A: So do I. It's neither too hot nor too cold. The sky is clear and blue.
B: It's a good time to have a picnic. Do you want to have one this weekend.
A: I'd love to, but I think it's going to rain. The weatherman said it will.
B: I don't think he's right. It hasn't rained for a week.
A: But he is usually right in his weather news.
B: I'm sure we'll have fine weather for our picnic.",Does B think the weather will be good for the picnic this weekend?,Yes,TRUE,Context,Quantifier Change,Invarianat
"A: It's a beautiful day, isn't it?
B: Yes, nice and sunny.
A: It's much better than last week. It was too warm then.
B: I'm glad summer is over. I like autumn best.
A: So do I. It's neither too hot nor too cold. The sky is clear and blue.
B: It's a good time to have a picnic. Do you want to have one this weekend.
A: I'd love to, but I think it's going to rain. The weatherman said it will.
B: I don't think he's right. It hasn't rained for a week.
A: But he is usually right in his weather news.
B: I'm sure we'll have fine weather for our picnic.",Does A think the weather will be good for the picnic this weekend?,No,TRUE,Question,Variable Substitution,Flip
"A: It's a beautiful day, isn't it?
B: Yes, nice and sunny.
A: It's much better than last week. It was too warm then.
B: I'm glad summer is over. I like autumn best.
A: So do I. It's neither too hot nor too cold. The sky is clear and blue.
B: It's a good time to have a picnic. Do you want to have one this weekend.
A: I'd love to, but I think it's going to rain. The weatherman said it will.
B: I don't think he's right. It hasn't rained for a week.
A: But he is usually right in his weather news.
B: I'm sure we'll have rainy weather for our picnic.",Does B think the weather will be good for the picnic this weekend?,No,TRUE,Context,Variable Substitution,Flip
"A: It's a beautiful day, isn't it?
B: Yes, nice and sunny.
A: It's much better than last week. It was too warm then.
B: I'm glad summer is over. I like autumn best.
A: So do I. It's neither too hot nor too cold. The sky is clear or blue.
B: It's a good time to have a picnic. Do you want to have one this weekend.
A: I'd love to, but I think it's going to rain. The weatherman said it will.
B: I don't think he's right. It hasn't rained for a week.
A: But he is usually right in his weather news.
B: I'm sure we'll have fine weather for our picnic.",Does B think the weather will be good for the picnic this weekend?,Yes,TRUE,Context,"Logical Connective 
Change",Invarianat
"A: It's a beautiful day, isn't it?
B: Yes, nice and sunny.
A: It's much better than last week. It was too warm then.
B: I'm glad summer is over. I like autumn best.
A: So do I. It's neither too hot nor too cold. The sky is clear and blue. The leaves are turning into gold coins 
and falling.
B: It's a good time to have a picnic. Do you want to have one this weekend.
A: I'd love to, but I think it's going to rain. The weatherman said it will.
B: I don't think he's right. It hasn't rained for a week.
A: But he is usually right in his weather news.
B: I'm sure we'll have fine weather for our picnic.",Does B think the weather will be good for the picnic this weekend?,Yes,TRUE,Context,"Injecting inconsistent 
Data",Invarianat
"A: Lovely weather!
B: Yes, it's really warm.
A: I've seen you before, haven't I?
B: Well, you may have. I've been here once or twice, for a walk in this quiet park. Do you live near here?
A: Yes. I live in one of those flats over there. What about you?
B: Oh, I'm staying with a family down near the station.
A: Are you on holiday?
B: Well...er...I'm here to improve my English. I'm from Greece, you see.
A: Your English is very good.
B: Thank you very much.",Does B stay near the park?,No,FALSE ,None,-,-
"A: Lovely weather!
B: Yes, it's really warm.
A: I've seen you before, haven't I?
B: Well, you may have. I've been here once or twice, for a walk in this quiet park. Do you live near here?
A: Yes. I live in one of those flats over there. What about you?
B: Oh, I'm staying with a family down near the station.
A: Are you on holiday?
B: Well...er...I'm here to improve my English. I'm from Greece, you see.
A: Your English is very good.
B: Thank you very much.",Does B stay near the station?,Yes,TRUE,Question,Variable Substitution,Flip
"A: Lovely weather!
B: Yes, it's really warm.
A: I've seen you before, haven't I?
B: Well, you may have. I've been here once or twice, for a walk in this quiet park. Do you live near here?
A: Yes. I live in one of those flats over there. What about you?
B: Oh, I'm staying with a family down near the station.
A: Are you on holiday?
B: Well...er...I'm here to improve my English. I'm from Greece, you see.
A: Your English is very good.
B: Thank you very much.",Does A stay near the park?,Yes,TRUE,Question,Variable Substitution,Flip
"A: Lovely weather!
B: Yes, it's slightly warm.
A: I've seen you before, haven't I?
B: Well, you may have. I've been here once or twice, for a walk in this quiet park. Do you live near here?
A: Yes. I live in one of those flats over there. What about you?
B: Oh, I'm staying with a family down near the station.
A: Are you on holiday?
B: Well...er...I'm here to improve my English. I'm from Greece, you see.
A: Your English is very good.
B: Thank you very much.",Does B stay near the park?,No,TRUE,Context,Quantifier Change,Invarianat
"A: Lovely weather!
B: Yes, it's really warm.
A: I've seen you before, have I?
B: Well, you may have. I've been here once or twice, for a walk in this quiet park. Do you live near here?
A: Yes. I live in one of those flats over there. What about you?
B: Oh, I'm staying with a family down near the station.
A: Are you on holiday?
B: Well...er...I'm here to improve my English. I'm from Greece, you see.
A: Your English is very good.
B: Thank you very much.",Does B stay near the park?,No,TRUE,Context,Negation,Invarianat
"A: Lovely weather!
B: Yes, it's really warm.
A: I've seen you before, haven't I?
B: Well, you may have. I've been here once or twice, for a walk in this quiet park. Do you live near here?
A: Yes. I live in one of those flats over there. What about you?
B: Oh, I'm staying with a family down near the station.
A: Are you on holiday?
B: Well...er...I'm here to improve my English. I arrived here in a time machine from the 25th century.
A: Your English is very good.
B: Thank you very much.",Does B stay near the park?,No,TRUE,Context,"Injecting inconsistent 
Data",Invarianat
"A: Madison Square Garden. Can I help you?
B: Yes. Do you have any more tickets for the concert on Friday night?
A: Do you mean the Rock'n'Roll Revival Show? Yes, we still have some $30 tickets left.
B: Great. OK, and is the box office open now?
A: Yes, the box office is open from 10:00 am to 8:00 pm.
B: Oh, by the way, what time does the show start?
A: It starts at 8:00 in the evening.
B: And what time does it end?
A: Well, there are four bands, so it'll probably end at about midnight.
B: Thanks a lot.
A: No problem.",Does B want to buy tickets for a concert on Friday night?,Yes,FALSE ,None,-,-
"A: Madison Square Garden. Can I help you?
B: Yes. Do you have five more tickets for the concert on Friday night?
A: Do you mean the Rock'n'Roll Revival Show? Yes, we still have some $30 tickets left.
B: Great. OK, and is the box office open now?
A: Yes, the box office is open from 10:00 am to 8:00 pm.
B: Oh, by the way, what time does the show start?
A: It starts at 8:00 in the evening.
B: And what time does it end?
A: Well, there are four bands, so it'll probably end at about midnight.
B: Thanks a lot.
A: No problem.",Does B want to buy tickets for a concert on Friday night?,Yes,TRUE,Context,Quantity Change,Invarianat
"A: Madison Square Garden. Can I help you?
B: Yes. Do you have any more tickets for the concert on Friday night?
A: Do you mean the Rock'n'Roll Revival Show? Yes, we still have some $30 tickets left.
B: Great. OK, and is the box office open now?
A: Yes, the box office is open from 10:00 am to 8:00 pm.
B: Oh, by the way, what time does the show start?
A: It starts at 8:00 in the evening.
B: And what time does it end?
A: Well, there are four bands, so it'll probably end at about midnight.
B: Thanks a lot.
A: No problem.",Does B want to buy tickets for a concert on Saturday night?,No,TRUE,Question,Variable Substitution,Flip
"A: Madison Square Garden. Can I help you?
B: Yes. Do you have any more tickets for the concert on Friday night?
A: Do you mean the Rock'n'Roll Revival Show? Yes, we still have some $30 tickets left.
B: Great. OK, and is the box office open now?
A: Yes, the box office is open from 10:00 am to 8:00 pm.
B: Oh, by the way, what time does the show start?
A: It starts at 35:53 in the evening.
B: And what time does it end?
A: Well, there are four bands, so it'll probably end at about midnight.
B: Thanks a lot.
A: No problem.",Does B want to buy tickets for a concert on Friday night?,Yes,TRUE,Context,"Injecting inconsistent 
Data",Invarianat
"A: Mark was born in the year of the Sheep.
B: Mark's Sheep? In which year was he born?
A: Yeah. He was born in nineteen seventy nine. That's why he's so creative.
B: Dale was born in nineteen eighty.
A: Then Dale's a Monkey.
B: Well, he's funny, so that's perfect for him.
A: Haha, you're right.",Is Dale a monkey?,No,FALSE,None,-,-
"A: Mark was born in the year of the Sheep.
B: Mark's Sheep? In which year was he born?
A: Yeah. He was born in nineteen seventy nine. That's why he's so creative.
B: Dale was born in nineteen eighty.
A: Then Dale's a Monkey.
B: Well, he's funny, so that's perfect for him.
A: Haha, you're right.",Is Dale a sheep?,No,TRUE,Question,Variable Substitution,Invarianat
"A: Mark was born in the year of the Sheep.
B: Mark's Sheep? In which year was he born?
A: Yeah. He was born in nineteen seventy nine. That's why he's so creative.
B: Dale was born in nineteen eighty.
A: Then Dale's a Monkey.
B: Well, he's funny, so that's perfect for him.
A: Haha, you're right.",Is Mark a monkey?,No,TRUE,Question,Variablle Substitution ,Invarianat
"A: Mark was born in the year of the Sheep.
B: Mark's Sheep? In which year was he born?
A: Yeah. He was born in nineteen eighty. That's why he's so creative.
B: Dale was born in nineteen seventy nine.
A: Then Dale's a Monkey.
B: Well, he's funny, so that's perfect for him.
A: Haha, you're right.",Is Dale a monkey?,No,TRUE,Context,Variable Swap,Invarianat
"A: Mark was born in the year of the Sheep.
B: Mark's Sheep? In which year was he born?
A: Yeah. He was born in nineteen seventy nine. That's why he's somewhat creative.
B: Dale was born in nineteen eighty.
A: Then Dale's a Monkey.
B: Well, he's funny, so that's perfect for him.
A: Haha, you're right.",Is Dale a monkey?,No,TRUE,Context,Quantifier Change,Invarianat
"A: Mark was born in the year of the Sheep.
B: Mark's Sheep? In which year was he born?
A: Yeah. He was born in nineteen seventy nine. That's why he's so creative.
B: Dale was born in nineteen eighty.
A: Then Dale's a Monkey.
B: Well, he's funny, so that's perfect for him.
A: Haha, you're right.",Is Dale not a monkey?,Yes,TRUE,Question,Negation,Flip
"A: Mary, tomorrow is your mom's fiftieth birthday. Do you know?
B: Of course I do. How shall we celebrate it?
A: First of all a birthday present. What about buying her a beautiful skirt?
B: That's a good idea. It would make her look younger. And a big birthday cake too, with fifty candles.
A: That's right. Shall we have a special dinner?
B: How about a Chinese dinner?
A: Fine. Where should we have it?
B: We can have it at home. I've learned to cook a few dishes from a Chinese friend. I'm sure Mom would like 
them.
A: All right. Are you going to do the shopping as well?
B: Why don't we go together, Dad?
A: OK. When?
B: How about this afternoon?",Did Mary plan to gift jeans and prepare chinese dishes?,No,FALSE,None,-,-
"A: Mary, tomorrow is your mom's fiftieth birthday. Do you know?
B: Of course I do. How shall we celebrate it?
A: First of all a birthday present. What about buying her a beautiful skirt?
B: That's a good idea. It would make her look younger. And a big birthday cake too, with fifty candles.
A: That's right. Shall we have a special dinner?
B: How about a Chinese dinner?
A: Fine. Where should we have it?
B: We can have it at home. I've learned to cook a few dishes from a Chinese friend. I'm sure Mom would like 
them.
A: All right. Are you going to do the shopping as well?
B: Why don't we go together, Dad?
A: OK. When?
B: How about this afternoon?",Did Mary plan to gift jeans and prepare italian dishes?,No,TRUE,Question,Variable Substitution,Invarianat
"A: Mary, tomorrow is your mom's fiftieth birthday. Do you know?
B: Of course I do. How shall we celebrate it?
A: First of all a birthday present. What about buying her a beautiful skirt?
B: That's a good idea. It would make her look younger. And a big birthday cake too, with fifty candles.
A: That's right. Shall we have a special dinner?
B: How about a Chinese dinner?
A: Fine. Where should we have it?
B: We can have it at home. I've learned to cook a few dishes from a Chinese friend. I'm sure Mom would like 
them.
A: All right. Are you going to do the shopping as well?
B: Why don't we go together, Dad?
A: OK. When?
B: How about this afternoon?",Did Mary plan to gift skirt and prepare chinese dishes?,Yes,TRUE,Question,Variable Substitution ,Flip
"A: Mary, tomorrow is your mom's fiftieth birthday. Do you know?
B: Of course I do. How shall we celebrate it?
A: First of all a birthday present. What about buying her a beautiful skirt?
B: That's a good idea. It would make her look younger. And a big birthday cake too, with fifty candles.
A: That's right. Shall we have a special dinner?
B: How about a Chinese dinner?
A: Fine. Where should we have it?
B: We can have it at home. I've learned to cook a lot of dishes from a Chinese friend. I'm sure Mom would like 
them.
A: All right. Are you going to do the shopping as well?
B: Why don't we go together, Dad?
A: OK. When?
B: How about this afternoon?",Did Mary plan to gift jeans and prepare chinese dishes?,No,TRUE,Context,Quantifier Change,Invarianat
"A: Mary, tomorrow is your mom's fiftieth birthday. Do you know?
B: Of course I do. How shall we celebrate it?
A: First of all a birthday present. What about buying her a beautiful jeans?
B: That's a good idea. It would make her look younger. And a big birthday cake too, with fifty candles.
A: That's right. Shall we have a special dinner?
B: How about a Chinese dinner?
A: Fine. Where should we have it?
B: We can have it at home. I've learned to cook a few dishes from a Chinese friend. I'm sure Mom would like 
them.
A: All right. Are you going to do the shopping as well?
B: Why don't we go together, Dad?
A: OK. When?
B: How about this afternoon?",Did Mary plan to gift jeans and prepare chinese dishes?,Yes,TRUE,Context,Variable Substitution ,Flip
"A: Mary, tomorrow is your mom's fiftieth birthday. Do you know?
B: Of course I do. How shall we celebrate it?
A: First of all a birthday present. What about buying her a beautiful skirt?
B: That's a good idea. It would make her look younger. And a big birthday cake too, with hundred candles.
A: That's right. Shall we have a special dinner?
B: How about a Chinese dinner?
A: Fine. Where should we have it?
B: We can have it at home. I've learned to cook a few dishes from a Chinese friend. I'm sure Mom would like 
them.
A: All right. Are you going to do the shopping as well?
B: Why don't we go together, Dad?
A: OK. When?
B: How about this afternoon?",Did Mary plan to gift jeans and prepare chinese dishes?,No,TRUE,Context,Quantity Change,Invarianat
"A: Mary, tomorrow is your mom's fiftieth birthday. Do you know?
B: Of course I do. How shall we celebrate it?
A: First of all a birthday present. What about buying her a beautiful skirt?
B: That's a good idea. It would make her look younger. And a birthday cake that changes color every time 
someone claps, with fifty candles.
A: That's right. Shall we have a special dinner?
B: How about a Chinese dinner?
A: Fine. Where should we have it?
B: We can have it at home. I've learned to cook a few dishes from a Chinese friend. I'm sure Mom would like 
them.
A: All right. Are you going to do the shopping as well?
B: Why don't we go together, Dad?
A: OK. When?
B: How about this afternoon?",Did Mary plan to gift jeans and prepare chinese dishes?,No,TRUE,Context,"Injecting inconsistent 
Data",Invarianat
"A: Mr. Block, I need to take a few days off because my parents are coming over to visit.
B: But it's not really a good idea to take time off right now, you know.
A: Well, I know. They've never been to the UK before and they don't speak English.
B: Hmm, you know there are thousands of tourists in London who can't speak English and they manage to get 
around.
A: Yes, I know but they really expect me to be there. It's culture. Chinese parents expect their children to do 
things like this.
B: I know, but truly if they care about your education, they'll understand.
A: Well, do you think I could take maybe just two days off?
B: Ok, but you must catch up with all of the work and get all of the materials.",Has A’s parents been to UK before?,No,FALSE,None,-,-
"A: Mr. Block, I need to take a few days off because my parents are coming over to visit.
B: But it's not really a good idea to take time off right now, you know.
A: Well, I know. They've been to the UK before but they don't speak English.
B: Hmm, you know there are thousands of tourists in London who can't speak English and they manage to get 
around.
A: Yes, I know but they really expect me to be there. It's culture. Chinese parents expect their children to do 
things like this.
B: I know, but truly if they care about your education, they'll understand.
A: Well, do you think I could take maybe just two days off?
B: Ok, but you must catch up with all of the work and get all of the materials.",Has A’s parents been to UK before?,Yes,TRUE,Context,Negation,Flip
"A: Mr. Block, I need to take a few days off because my parents are coming over to visit.
B: But it's not really a good idea to take time off right now, you know.
A: Well, I don't know. They've never been to the UK before and they don't speak English.
B: Hmm, you know there are thousands of tourists in London who can't speak English and they manage to get 
around.
A: Yes, I know but they really expect me to be there. It's culture. Chinese parents expect their children to do 
things like this.
B: I know, but truly if they care about your education, they'll understand.
A: Well, do you think I could take maybe just two days off?
B: Ok, but you must catch up with all of the work and get all of the materials.",Has A’s parents been to UK before?,No,TRUE,Context,Negation,Invarianat
"A: Mr. Block, I need to take a few days off because my parents are coming over to visit.
B: But it's not really a good idea to take time off right now, you know.
A: Well, I know. They've never been to the UK before and they don't speak English.
B: Hmm, you know there are thousands of tourists in London who can't speak English and they manage to get 
around.
A: Yes, I know but they really expect me to be there. It's culture. Chinese parents expect their children to do 
things like this.
B: I know, but truly if they care about your education, they'll understand.
A: Well, do you think I could take maybe just four days off?
B: Ok, but you must catch up with all of the work and get all of the materials.",Has A’s parents been to UK before?,No,TRUE,Context,Quantity Change,Invarianat
"A: Mr. Block, I need to take a few days off because my parents are coming over to visit.
B: But it's not really a good idea to take time off right now, you know.
A: Well, I know. They've been to the UK before but only briefly when they accidentally got teleported 
here during a lunar eclipse, and they don't speak English.
B: Hmm, you know there are thousands of tourists in London who can't speak English and they manage to get 
around.
A: Yes, I know but they really expect me to be there. It's culture. Chinese parents expect their children to do 
things like this.
B: I know, but truly if they care about your education, they'll understand.
A: Well, do you think I could take maybe just two days off?
B: Ok, but you must catch up with all of the work and get all of the materials.",Has A’s parents been to UK before?,Yes,TRUE,Context,"Injecting inconsistent 
Data",Flip
"A: Now, can anyone summarize the main idea of the passage? Yes, Jessie, please?
B: I'm sorry.
A: You look pale, Jessie. Are you all right?
B: No, I'm not feeling well. Mr. Brown.
A: What seems to be the problem?
B: I guess I ate something bad at lunch.
A: And you have a head ache now?
B: No, but I have a stomach ache
A: Can you walk to the school clinic? Or shall I send for the doctor?
B: No, thanks. It doesn't matter too much. I will go to the doctor after class.
A: Ok. I'll finish the class in a minute. Then I'll send you to the clinic.
B: Thank you so much. Mr. Brown.
A: Don't mention it.",Is Jessie having a head ache?,No,FALSE,None,-,-
"A: Now, can anyone summarize the main idea of the passage? Yes, Jessie, please?
B: I'm sorry.
A: You look pale, Jessie. Are you all right?
B: No, I'm not feeling well. Mr. Brown.
A: What seems to be the problem?
B: I guess I ate something bad at lunch.
A: And you have a stomach ache now?
B: No, but I have a head ache
A: Can you walk to the school clinic? Or shall I send for the doctor?
B: No, thanks. It doesn't matter too much. I will go to the doctor after class.
A: Ok. I'll finish the class in a minute. Then I'll send you to the clinic.
B: Thank you so much. Mr. Brown.
A: Don't mention it.",Is Jessie having a head ache?,Yes,TRUE,Context,Variable Swap ,Flip
"A: Now, can anyone summarize the main idea of the passage? Yes, Jessie, please?
B: I'm sorry.
A: You look pale, Jessie. Are you all right?
B: No, I'm not feeling well. Mr. Brown.
A: What seems to be the problem?
B: I guess I ate something bad at lunch.
A: And you have a head ache now?
B: No, but I have a stomach ache
A: Can you walk to the school clinic? Or shall I send for the doctor?
B: No, thanks. It doesn't matter too much. I will go to the doctor after class.
A: Ok. I'll finish the class in a minute. Then I'll send you to the clinic.
B: Thank you so much. Mr. Brown.
A: Don't mention it.",Is Jessie having a stomach ache?,Yes,TRUE,Question,Variable Substitution,Flip
"A: Now, can anyone summarize the main idea of the passage? Yes, Jessie, please?
B: I'm sorry.
A: You look pale, Jessie. Are you all right?
B: No, I'm not feeling well. Mr. Brown.
A: What seems to be the problem?
B: I guess I ate something bad at lunch.
A: And you have a head ache now?
B: No, but I have a stomach ache
A: Can you walk to the school clinic? Or shall I send for the doctor?
B: No, thanks. It doesn't matter too much. I will go to the doctor after class.
A: Ok. I'll finish the class in five minutes. Then I'll send you to the clinic.
B: Thank you so much. Mr. Brown.
A: Don't mention it.",Is Jessie having a head ache?,No,TRUE,Context,Quantity Change,Invarianat
"A: Now, can anyone summarize the main idea of the passage? Yes, Jessie, please?
B: I'm sorry.
A: You look pale, Jessie. Are you all right?
B: No, I'm not feeling well. Mr. Brown.
A: What seems to be the problem?
B: I guess I ate something bad at lunch.
A: And you have a head ache now?
B: Yes, but I have a stomach ache also
A: Can you walk to the school clinic? Or shall I send for the doctor?
B: No, thanks. It doesn't matter too much. I will go to the doctor after class.
A: Ok. I'll finish the class in a minute. Then I'll send you to the clinic.
B: Thank you so much. Mr. Brown.
A: Don't mention it.",Is Jessie having a head ache?,Yes,TRUE,Context,Negation,Flip
"A: Now, can anyone summarize the main idea of the passage? Yes, Jessie, please?
B: I'm sorry.
A: You look pale, Jessie. Are you all right?
B: No, I'm not feeling well. Mr. Brown.
A: What seems to be the problem?
B: I guess I ate something bad at lunch.
A: And you have a head ache now?
B: No, but I have a stomach ache since the time my sandwich turned into a singing frog at lunch
A: Can you walk to the school clinic? Or shall I send for the doctor?
B: No, thanks. It doesn't matter too much. I will go to the doctor after class.
A: Ok. I'll finish the class in a minute. Then I'll send you to the clinic.
B: Thank you so much. Mr. Brown.
A: Don't mention it.",Is Jessie having a head ache?,No,TRUE,Context,"Injecting inconsistent 
Data",Invarianat
"A: Pardon me. Are you familiar with this neighborhood?
B: Well, I should be. I've lived here all my life. What are you looking for?
A: The Post Office.
B: Well, the nearest one is about a mile away.
A: Oh. Well, I guess I could send a letter.
B: There's a mail box up the street. Have you already got a stamp on that letter?
A: Yes, I have to register it. How do I walk to the post office from here?
B: Go up this street until you get to the main street. Then turn right and walk about four blocks or so.
A: Thank you for your help.
B: The post office entrance is inside a building complex with some other offices.
A: I'm sure I'll find it. If I get lost, I'll ask again.
B: There's an American flag out front, and a sign: The U.S. Post Office.
A: Thanks again. Bye.",Does A already have a stamp on the letter?,Yes,FALSE,None,-,-
"A: Pardon me. Are you familiar with this neighborhood?
B: Well, I should be. I've lived here all my life. What are you looking for?
A: The Post Office.
B: Well, the nearest one is about a mile away.
A: Oh. Well, I guess I could send a letter.
B: There's a mail box up the street. Have you already got a stamp on that letter?
A: No, I have to register it. How do I walk to the post office from here?
B: Go up this street until you get to the main street. Then turn right and walk about four blocks or so.
A: Thank you for your help.
B: The post office entrance is inside a building complex with some other offices.
A: I'm sure I'll find it. If I get lost, I'll ask again.
B: There's an American flag out front, and a sign: The U.S. Post Office.
A: Thanks again. Bye.",Does A already have a stamp on the letter?,No,TRUE,Context,Negation,Flip
"A: Pardon me. Are you familiar with this neighborhood?
B: Well, I should be. I've lived here all my life. What are you looking for?
A: The Post Office.
B: Well, the nearest one is about Two miles away.
A: Oh. Well, I guess I could send a letter.
B: There's a mail box up the street. Have you already got a stamp on that letter?
A: Yes, I have to register it. How do I walk to the post office from here?
B: Go up this street until you get to the main street. Then turn right and walk about four blocks or so.
A: Thank you for your help.
B: The post office entrance is inside a building complex with some other offices.
A: I'm sure I'll find it. If I get lost, I'll ask again.
B: There's an American flag out front, and a sign: The U.S. Post Office.
A: Thanks again. Bye.",Does A already have a stamp on the letter?,Yes,TRUE,Context,Quantity Change,Invarianat
"A: Pardon me. Are you familiar with this neighborhood?
B: Well, I should be. I've lived here most of my life. What are you looking for?
A: The Post Office.
B: Well, the nearest one is about a mile away.
A: Oh. Well, I guess I could send a letter.
B: There's a mail box up the street. Have you already got a stamp on that letter?
A: Yes, I have to register it. How do I walk to the post office from here?
B: Go up this street until you get to the main street. Then turn right and walk about four blocks or so.
A: Thank you for your help.
B: The post office entrance is inside a building complex with some other offices.
A: I'm sure I'll find it. If I get lost, I'll ask again.
B: There's an American flag out front, and a sign: The U.S. Post Office.
A: Thanks again. Bye.",Does A already have a stamp on the letter?,Yes,TRUE,Context,Quantifier Change,Invarianat
"A: Thanks for coming golfing with me today, Carl.
B: No problem, Marge. I need to work on my swing. And this weather is just amazing.
A: I only play on days like this-sunny but cool with a soft breeze.
B: How long has it been since you last played?
A: Too long-almost six months. I used to play at least once a month, though.
B: Oh, really? I try to play at least once every other week.
A: Well, then you can help me with my game.
B: No problem.",Did Marge use to play once a week before?,No,FALSE,None,-,-
"A: Thanks for coming golfing with me today, Carl.
B: No problem, Marge. I need to work on my swing. And this weather is just amazing.
A: I only play on days like this-sunny but cool with a soft breeze.
B: How long has it been since you last played?
A: Too long-almost six months. I used to play at least once a week, though.
B: Oh, really? I try to play at least once every other month.
A: Well, then you can help me with my game.
B: No problem.",Did Marge use to play once a week before?,Yes,TRUE,Context,Variable Swap ,Flip
"A: Thanks for coming golfing with me today, Carl.
B: No problem, Marge. I need to work on my swing. And this weather is just amazing.
A: I only play on days like this-sunny but cool with a soft breeze.
B: How long has it been since you last played?
A: Too long-almost six months. I used to play at least once a month, though.
B: Oh, really? I try to play at least once every other week.
A: Well, then you can help me with my game.
B: No problem.",Did Carl use to play once a week before?,Yes,TRUE,Question,Variable Substitution ,Flip
"A: Thanks for coming golfing with me today, Marge.
B: No problem, Carl. I need to work on my swing. And this weather is just amazing.
A: I only play on days like this-sunny but cool with a soft breeze.
B: How long has it been since you last played?
A: Too long-almost six months. I used to play at least once a month, though.
B: Oh, really? I try to play at least once every other week.
A: Well, then you can help me with my game.
B: No problem.",Did Marge use to play once a week before?,Yes,TRUE,Context,Variable Swap ,Flip
"A: Thanks for coming golfing with me today, Carl.
B: No problem, Marge. I need to work on my swing. And this weather is just amazing.
A: I only play on days like this-sunny but cool with a soft breeze.
B: How long has it been since you last played?
A: Too long-almost six months. I used to play at least once a month, though.
B: Oh, really? I try to play at least once every other week.
A: Well, then you can help me with my game.
B: No problem.",Did Marge use to play once a month before?,Yes,TRUE,Question,Variable Substitution ,Flip
"A: Thanks for coming golfing with me today, Carl.
B: No problem, Marge. I need to work on my swing. And this weather is just amazing.
A: I only play on days like this-sunny but cool with a soft breeze.
B: How long has it been since you last played?
A: Quite long-almost six months. I used to play at least once a month, though.
B: Oh, really? I try to play at least once every other week.
A: Well, then you can help me with my game.
B: No problem.",Did Marge use to play once a week before?,No,TRUE,Context,Quantifier Change,Invarianat
"A: Thanks for coming golfing with me today, Carl.
B: No problem, Marge. I need to work on my swing. And this weather is just amazing.
A: I only play on days like this-sunny but cool with a soft breeze.
B: How long has it been since you last played?
A: Too long-almost twelve months. I used to play at least once a month, though.
B: Oh, really? I try to play at least once every other week.
A: Well, then you can help me with my game.
B: No problem.",Did Marge use to play once a week before?,No,TRUE,Context,Quantity Change,Invarianat
"A: There are pills for everything now, aren't there?
B: Almost everything. There are pills for colds and pills for headaches.
A: There are pills for seasickness and pills for airsickness.
B: Those are the same, aren't they? Being sick on a ship is like being sick on a plane, isn't it?
A: I suppose so. There are pills to make you sleepy.
B: And there are pills to keep you awake.
A: But they're bad for your health, aren't they?
B: That's right.
A: There is a pill to make you hungry, isn't there?
B: No. But there are pills to keep you from being hungry. They're for people who want to lose weight.
A: There's a pill for almost everything, isn't there?
B: But there aren't any pills to learn languages, are there?
A: Ha ha. Of course, not ",Are there pills to keep awake?,Yes,FALSE,None,-,-
"A: There are pills for everything now, aren't there?
B: Almost everything. There are pills for colds and pills for headaches.
A: There are pills for seasickness and pills for airsickness.
B: Those are the same, aren't they? Being sick on a ship is like being sick on a plane, isn't it?
A: I suppose so. There are pills to make you sleepy.
B: And there are pills to keep you awake.
A: But they're bad for your health, aren't they?
B: That's right.
A: There is a pill to make you hungry, isn't there?
B: No. But there are pills to keep you from being hungry. They're for people who want to lose weight.
A: There's a pill for almost everything, isn't there?
B: But there aren't any pills to learn languages, are there?",Are there pills to make sleepy?,Yes,TRUE,Question,Variable Substitution ,Invarianat
"A: There are pills for everything now, aren't there?
B: Almost everything. There are pills for colds and pills for headaches.
A: There are pills for seasickness and pills for airsickness.
B: Those are the same, aren't they? Being sick on a ship is like being sick on a plane, isn't it?
A: I suppose so. There are pills to make you sleepy.
B: And there are pills to keep you awake.
A: But they're bad for your health, aren't they?
B: That's right.
A: There is a pill to make you hungry, isn't there?
B: No. But there are pills to keep you from being hungry. They're for people who want to lose weight.
A: There's a pill for almost everything, isn't there?
B: But there aren't any pills to learn languages, are there?
A: Ha ha. Of course, not ",Are there pills to make hungry?,No,TRUE,Question,Variable Substitution ,Flip
"A: There are pills for everything now, aren't there?
B: Almost everything. There are pills for colds and pills for headaches.
A: There are pills for seasickness and pills for airsickness.
B: Those are the same, aren't they? Being sick on a ship is like being sick on a plane, isn't it?
A: I suppose so. There are pills to make you sleepy.
B: And there are pills to keep you awake.
A: But they're bad for your health, aren't they?
B: That's right.
A: There is a pill to make you hungry, isn't there?
B: No. But there are pills to keep you from being hungry. They're for people who want to lose weight.
A: There's a pill for almost everything, isn't there?
B: But there aren't any pills to learn languages, are there?
A: Ha ha. Of course, not ",Are there pills to learn languages?,No,TRUE,Question,Variable Substitution ,Flip
"A: There are pills for everything now, aren't there?
B: Almost everything. There are pills for colds and pills for headaches.
A: There are pills for seasickness and pills for airsickness.
B: Those are the same, aren't they? Being sick on a ship is like being sick on a plane, isn't it?
A: I suppose so. There are pills to make you sleepy.
B: And there are pills to keep you awake.
A: But they're bad for your health, aren't they?
B: That's not right.
A: There is a pill to make you hungry, isn't there?
B: No. But there are pills to keep you from being hungry. They're for people who want to lose weight.
A: There's a pill for almost everything, isn't there?
B: But there aren't any pills to learn languages, are there?
A: Ha ha. Of course, not ",Are there pills to keep awake?,Yes,TRUE,Context,Negation,Invarianat
"A: There are pills for everything now, aren't there?
B: Almost everything. There are pills for colds and pills for headaches.
A: There are pills for seasickness and pills for airsickness.
B: Those are the same, aren't they? Being sick on a ship is like being sick on a plane, isn't it?
A: I suppose so. There are pills to make you sleepy.
B: And Pills to stay awake once existed but were discontinued after people started using them to stay 
awake for years without sleeping, causing hallucinations of floating cities.
A: But they're bad for your health, aren't they?
B: That's right.
A: There is a pill to make you hungry, isn't there?
B: No. But there are pills to keep you from being hungry. They're for people who want to lose weight.
A: There's a pill for almost everything, isn't there?
B: But there aren't any pills to learn languages, are there?
A: Ha ha. Of course, not ",Are there pills to keep awake?,No,TRUE,Context,"Injecting inconsistent 
Data",Flip
"A: Welcome to Youth Hotel, can I help you?
B: I'd like a room for a night.
A: Would you like a single room, a double room or a room for three?
B: Oh, a single room please. Can I pay by check?
A: Sure, fill in this form please.
B: Need my student card number?
A: No, just your address and telephone number.
B: OK, here is the form.
A: Very well. Here is your key to room 212.
B: Thank you!
A: Have a good stay!",Is the guest given a double room?,No,FALSE,None,-,-
"A: Welcome to Youth Hotel, can I help you?
B: I'd like a room for a night.
A: Would you like a single room, a double room or a room for three?
B: Oh, a single room please. Can I pay by check?
A: Sure, fill in this form please.
B: Need my student card number?
A: No, just your address and telephone number.
B: OK, here is the form.
A: Very well. Here is your key to room 212.
B: Thank you!
A: Have a good stay!",Is the guest given a single room?,Yes,TRUE,Question,Variable Substitution ,Flip
"A: Welcome to Youth Hotel, can I help you?
B: I'd like a room for a night.
A: Would you like a single room, a double room or a room for three?
B: Oh, a double room please. Can I pay by check?
A: Sure, fill in this form please.
B: Need my student card number?
A: No, just your address and telephone number.
B: OK, here is the form.
A: Very well. Here is your key to room 212.
B: Thank you!
A: Have a good stay!",Is the guest given a double room?,Yes,TRUE,Context,Variable Substitution ,Flip
"A: Welcome to Youth Hotel, can I help you?
B: I'd like a room for a night.
A: Would you like a single room, a double room or a room for three?
B: Oh, a single room please. Can I pay by check?
A: Sure, fill in this form please.
B: Need my student card number?
A: No, just your address and telephone number.
B: OK, here is the form.
A: Very well. Here is your key to room 212 but it only exists during the full moon.
B: Thank you!
A: Have a good stay!",Is the guest given a double room?,No,TRUE,Context,"Injecting inconsistent 
Data",Invarianat
"A: Were you born in Los Angeles?
B: No. I was born in Chicago as a matter of fact.
A: Oh, were you?
B: Yeah, I grew up in the suburbs, in Wilmette, and then I moved out here when I was fourteen.
A: So you went to high school here?
B: Yeah, that's right. I graduated from Lincoln High.
A: And then you went to college?
B: No, not exactly. First I went to Europe.
A: Oh. To travel?
B: Well, yes, and I also lived in Munich for a while.
A: When did you arrive in Munich?
B: Let me see now. That was about eleven years ago. Yeah, in 1995.
A: And how long did you stay there?
B: For almost two years.
A: Oh, that must have been very interesting.",Did B go to Europe before college?,Yes,FALSE,None,-,-
"A: Were you born in Los Angeles?
B: No. I was born in Chicago as a matter of fact.
A: Oh, were you?
B: Yeah, I grew up in the suburbs, in Wilmette, and then I moved out here when I was fourteen.
A: So you went to high school here?
B: Yeah, that's right. I graduated from Lincoln High.
A: And then you went to college?
B: No, not exactly. First I went to Munich.
A: Oh. To travel?
B: Well, yes, and I also lived in Munich for a while.
A: When did you arrive in Europe?
B: Let me see now. That was about eleven years ago. Yeah, in 1995.
A: And how long did you stay there?
B: For almost two years.
A: Oh, that must have been very interesting.",Did B go to Europe before college?,Yes,TRUE,Context,Variable Swap ,Invarianat
"A: Were you born in Los Angeles?
B: No. I was born in Chicago as a matter of fact.
A: Oh, were you?
B: Yeah, I grew up in the suburbs, in Wilmette, and then I moved out here when I was fourteen.
A: So you went to high school here?
B: Yeah, that's right. I graduated from Lincoln High.
A: And then you went to college?
B: No, not exactly. First I went to Europe.
A: Oh. To travel?
B: Well, yes, and I also lived in Munich for a while.
A: When did you arrive in Munich?
B: Let me see now. That was about eleven years ago. Yeah, in 1995.
A: And how long did you stay there?
B: For almost two years.
A: Oh, that must have been very interesting.",Did B go to college before Europe?,No,TRUE,Question,Variable Swap ,Flip
"A: Were you born in Los Angeles?
B: No. I was born in Chicago as a matter of fact.
A: Oh, were you?
B: Yeah, I grew up in the suburbs, in Wilmette, and then I moved out here when I was fourteen.
A: So you went to high school here?
B: Yeah, that's right. I graduated from Lincoln High.
A: And then you went to college?
B: No, not exactly. First I went to Europe.
A: Oh. To travel?
B: Well, yes, and I also lived in Munich for a while.
A: When did you arrive in Munich?
B: Let me see now. That was about five years ago. Yeah, in 1995.
A: And how long did you stay there?
B: For almost two years.
A: Oh, that must have been very interesting.",Did B go to Europe before college?,Yes,TRUE,Context,Quantity Change,Invarianat
"A: Were you born in Los Angeles?
B: No. I was born in Chicago as a matter of fact.
A: Oh, were you?
B: Yeah, I grew up in the suburbs, in Wilmette, and then I moved out here when I was fourteen.
A: So you went to high school here?
B: Yeah, that's right. I graduated from Lincoln High.
A: And then you went to college?
B: No, not exactly. First I went to Europe, specifically the lost city of Atlantis.
A: Oh. To travel?
B: Well, yes, and I also lived in Munich for a while.
A: When did you arrive in Munich?
B: Let me see now. That was about eleven years ago. Yeah, in 1995.
A: And how long did you stay there?
B: For almost two years.
A: Oh, that must have been very interesting.",Did B go to Europe before college?,Yes,TRUE,Context,"Injecting inconsistent 
Data",Invarianat
,,,77,,,
,,,44,,,
,,,33,,,